School Code,School Name,Address,Mailing Postal Code,Telephone,Email,Board Code,AreaID
1,TATAMAGOUCHE ELEMENTARY SCHOOL ,30 CHURCH ST TATAMAGOUCHE NS,B0K 1V0,9026576220,HOLMESB@CCRSB.CA,53,264600022
1,FOREST RIDGE ACADEMY,30 CHURCH ST30 CHURCH ST TATAMAGOUCHE NS,B0K 1V0,902 657 6220,HOLMESB@CCRSB.CA,53,264600022
2,ECOLE STELLA-MARIS,66 EAST COURT RD66 EAST COURT RD TRURO NS,B2N 4M8,902 896 5790,FOUGEREKJ@CCRSB.CA,53,267900535
3,WALTER DUGGAN CONSOLIDATED SCHOOL,2370 SPRING GARDEN RD WESTVILLE NS,B0K 2A0,9023962700,SLATERA@CCRSB.CA,53,89100005
3,PLEASANT BAY SCHOOL,RR 32370 SPRING GARDEN RD WESTVILLE NS,B0K 2A0,902 396 2700,SLATERA@CCRSB.CA,53,89100005
4,SCOTSBURN ELEMENTARY SCHOOL ,4100 SCOTSBURN RD SCOTSBURN NS,B0K 1R0,9024857980,FORTUNEM@CCRSB.CA,53,83300008
4,DIGBY REGIONAL HIGH SCHOOL,4100 SCOTSBURN RD4100 SCOTSBURN RD SCOTSBURN NS,B0K 1R0,902 485 7980,FORTUNEM@CCRSB.CA,53,83300008
5,NORTH COLCHESTER HIGH SCHOOL ,90 BLAIR AVE TATAMAGOUCHE NS,B0K 1V0,9026576200,THOMSONTW@CCRSB.CA,53,264600022
6,CUNARD JUNIOR HIGH SCHOOL,103 PICTOU RD103 PICTOU RD TRURO NS,B2N 2S2,902 896 5507,FOUGEREKJ@CCRSB.CA,53,267900535
7,BIBLE HILL JUNIOR HIGH SCHOOL ,741 COLLEGE RD TRURO NS,B2N 5Y9,9028965500,HAZELTOND@CCRSB.CA,53,267900535
7,WILLIAM KING ELEMENTARY SCHOOL,741 COLLEGE RD741 COLLEGE RD TRURO NS,B2N 5Y9,902 896 5500,HAZELTOND@CCRSB.CA,53,267900535
8,GLACE BAY HIGH SCHOOL ,201 RESERVE ST GLACE BAY NS,B1A 4W3,9028494247,DONNIEHOLLAND@GNSPES.CA,51,68500117
9,NORTH RIVER ELEMENTARY SCHOOL ,80 MOUNTAIN LEE RD NORTH RIVER NS,B6L 6M2,9028965530,BISHOPAMEROHA@CCRSB.CA,53,265800072
9,NEW GLASGOW ACADEMY,80 MOUNTAIN LEE RD80 MOUNTAIN LEE RD NORTH RIVER NS,B6L 6M2,902 896 5530,BISHOPAMEROHA@CCRSB.CA,53,265800072
12,VALLEY ELEMENTARY SCHOOL ,96 SALMON RIVER RD VALLEY NS,B6L 2S5,9028965540,WALLK@CCRSB.CA,53,266100120
12,LOCKEPORT REGIONAL HIGH SCHOOL,96 SALMON RIVER RD96 SALMON RIVER RD VALLEY NS,B6L 2S5,902 896 5540,WALLK@CCRSB.CA,53,266100120
14,COBEQUID CONSOLIDATED ELEMENTARY SCHOOL,2998 HWY 236 OLD BARNS NS,B6L 1K3,9028965560,MCINNISND@CCRSB.CA,53,270300002
14,BROOKFIELD ELEMENTARY SCHOOL,2998 HWY 2362998 HIGHWAY 236 OLD BARNS NS,B6L 1K3,902 896 5560,MCINNISND@CCRSB.CA,53,270300002
15,HILDEN ELEMENTARY SCHOOL ,1737 TRURO RD HILDEN NS,B0N 1C0,9028965750,KAULBACHL@CCRSB.CA,53,#N/A
15,ELLENVALE JUNIOR HIGH SCHOOL,RR 11737 TRURO RD BROOKFIELD NS,B0N 1C0,902 896 5750,KAULBACHL@CCRSB.CA,53,268500116
16,BROOKFIELD ELEMENTARY SCHOOL ,233 HWY 289 BROOKFIELD NS,B0N 1C0,9026735050,WEATHERBEEKL@CCRSB.CA,53,268500116
16,JUBILEE ELEMENTARY SCHOOL,233 HWY 289233 HIGHWAY 289 BROOKFIELD NS,B0N 1C0,902 673 5050,WEATHERBEEKL@CCRSB.CA,53,268500116
18,UPPER STEWIACKE ELEMENTARY SCHOOL,5327 HWY 289 UPPER STEWIACKE NS,B0N 2P0,9026713000,LANGILLELD@CCRSB.CA,53,267000010
18,GAETZ BROOK JUNIOR HIGH SCHOOL,5327 HWY 2895327 HIGHWAY 289 UPPER STEWIACKE NS,B0N 2P0,902 671 3000,ELLISP@CCRSB.CA,53,267000010
20,CENTRAL COLCHESTER JUNIOR HIGH SCHOOL,61 ONSLOW RD CENTRAL ONSLOW NS,B6L 5K4,9028965570,MACPHERSONC@CCRSB.CA,53,263700072
20,SHEET HARBOUR CONSOLIDATED SCHOOL,61 ONSLOW RD61 ONSLOW RD CENTRAL ONSLOW NS,B6L 5K4,902 896 5570,MACPHERSONC@CCRSB.CA,53,263700072
24,HANTSPORT SCHOOL ,PO BOX 39211 SCHOOL ST HANTSPORT NS,B0P 1P0,9026844000,HS@AVRSB.CA,55,146100073
24,SAINT MARY'S ELEMENTARY SCHOOL,PO BOX 39211 SCHOOL ST HANTSPORT NS,B0P 1P0,902 684 4000,HS@AVRSB.CA,55,146100073
26,GREAT VILLAGE ELEMENTARY SCHOOL,8849 HWY 2 GREAT VILLAGE NS,B0M 1L0,9026686500,SMITHC@CCRSB.CA,53,262900009
26,ECOLE DES BEAUX-MARAIS,8849 HWY 28849 HIGHWAY 2 GREAT VILLAGE NS,B0M 1L0,902 668 6500,SMITHC@CCRSB.CA,53,262900009
27,CHIGANOIS ELEMENTARY SCHOOL ,11145 HWY 2 DEBERT NS,B0M 1G0,9026624420,HARNISHK@CCRSB.CA,53,263600024
27,MUSQUODOBOIT RURAL HIGH SCHOOL,11145 HWY 211145 HIGHWAY 2 DEBERT NS,B0M 1G0,902 662 4420,HARNISHK@CCRSB.CA,53,263600024
28,DEBERT ELEMENTARY SCHOOL ,PO BOX 2791320 MASSTOWN RD DEBERT NS,B0M 1G0,9026624400,ARMSTRONGS@CCRSB.CA,53,263600024
28,FAIRVIEW JUNIOR HIGH SCHOOL,PO BOX 2791320 MASSTOWN RD DEBERT NS,B0M 1G0,902 662 4400,COXE@CCRSB.CA,53,263600024
29,WEST COLCHESTER CONSOLIDATED SCHOOL,27 MAPLE AVE BASS RIVER NS,B0M 1B0,9026473500,OAKLEYC@CCRSB.CA,53,262700009
29,MIRA ROAD SCHOOL,27 MAPLE AVE27 MAPLE AVE BASS RIVER NS,B0M 1B0,902 647 3500,OAKLEYC@CCRSB.CA,53,262700009
30,ENFIELD DISTRICT SCHOOL ,29 CATHERINE ST ENFIELD NS,B2T 1L4,9028835300,KNOLT@CCRSB.CA,53,307500032
31,ELMSDALE DISTRICT ELEMENTARY SCHOOL,75 MACMILLAN DR ELMSDALE NS,B2S 1A5,9028835350,ALLEYM@CCRSB.CA,53,137600077
31,HILDEN ELEMENTARY SCHOOL,75 MACMILLAN DR75 MACMILLAN DR ELMSDALE NS,B2S 1A5,902 883 5350,ALLEYM@CCRSB.CA,53,137600077
34,SHUBENACADIE DISTRICT ELEMENTARY SCHOOL,54 MILL VILLAGE RD SHUBENACADIE NS,B0N 2H0,9027584600,PEVERILMF@CCRSB.CA,53,135400055
34,BRIDGEWATER ELEMENTARY SCHOOL,54 MILL VILLAGE RD54 MILL VILLAGE RD SHUBENACADIE NS,B0N 2H0,902 758 4600,WHELANSM@CCRSB.CA,53,135400055
36,COBEQUID DISTRICT ELEMENTARY SCHOOL,8993 HWY 354 NOEL NS,B0N 2C0,9023692960,HARVEYC@CCRSB.CA,53,133100013
36,PENTZ ELEMENTARY SCHOOL,8993 HWY 3548993 HIGHWAY 354 NOEL NS,B0N 2C0,902 369 2960,ISENORR@CCRSB.CA,53,133100013
38,KENNETCOOK DISTRICT ELEMENTARY SCHOOL,4369 HWY 236 KENNETCOOK NS,B0N 1P0,9023623300,SEARLELM@CCRSB.CA,53,134500032
38,RIVER HEBERT DISTRICT ELEMENTARY SCHOOL,4369 HWY 2364369 HIGHWAY 236 KENNETCOOK NS,B0N 1P0,902 362 3300,BRUCEMG@CCRSB.CA,53,134500032
39,RAWDON DISTRICT ELEMENTARY SCHOOL,3713 HWY 354 UPPER RAWDON NS,B0N 2N0,9026326660,NODDINM@CCRSB.CA,53,136900009
39,NEW ROSS CONSOLIDATED SCHOOL,3713 HWY 3543713 HIGHWAY 354 UPPER RAWDON NS,B0N 2N0,902 632 6660,SEARLELM@CCRSB.CA,53,136900009
40,UNIACKE DISTRICT SCHOOL ,551 HWY 1 MOUNT UNIACKE NS,B0N 1Z0,9028665100,WHELANSM@CCRSB.CA,53,400015242
40,DALBRAE ACADEMY,551 HWY 1551 HIGHWAY 1 MOUNT UNIACKE NS,B0N 1Z0,902 866 5100,WALKERD@CCRSB.CA,53,400015242
41,HANTS NORTH RURAL HIGH SCHOOL ,4369 HWY 236 KENNETCOOK NS,B0N 1P0,9023623300,SEARLELM@CCRSB.CA,53,134500032
42,HANTS EAST RURAL HIGH SCHOOL ,2331 HWY 2 MILFORD NS,B0N 1Y0,9027584620,SMITHMT@CCRSB.CA,53,137300107
42,ECOLE BEAUBASSIN,2331 HWY 22331 HIGHWAY 2 MILFORD NS,B0N 1Y0,902 758 4620,SMITHMT@CCRSB.CA,53,137300107
44,COBEQUID EDUCATIONAL CENTRE ,34 LORNE ST TRURO NS,B2N 3K3,9028965700,KAULBACHW@CCRSB.CA,53,267900535
44,DUNCAN MACMILLAN HIGH SCHOOL,34 LORNE ST34 LORNE ST TRURO NS,B2N 3K3,902 896 5700,KAULBACHW@CCRSB.CA,53,267900535
45,TRURO JUNIOR HIGH SCHOOL ,445 YOUNG ST TRURO NS,B2N 7H9,9028965550,MACLEANAM@CCRSB.CA,53,267900535
45,SOUTH WOODSIDE SCHOOL,445 YOUNG ST445 YOUNG ST TRURO NS,B2N 7H9,902 896 5550,MACLEANAM@CCRSB.CA,53,267900535
54,ST. MARY'S ELEMENTARY SCHOOL ,PO BOX 2491276 VICTORIA RD AYLESFORD NS,B0P 1C0,9028474400,SMES@AVRSB.CA,55,182900027
54,SSRSB ALTERNATE PROGRAMS,PO BOX 2491276 VICTORIA RD AYLESFORD NS,B0P 1C0,902 847 4400,SMES@AVRSB.CA,55,182900027
55,SOMERSET AND DISTRICT ELEMENTARY SCHOOL,4339 BROOKLYN ST BERWICK NS,B0P 1E0,9025384670,SDES@AVRSB.CA,55,182600054
55,AUBURN DRIVE HIGH SCHOOL,4339 BROOKLYN ST4339 BROOKLYN ST BERWICK NS,B0P 1E0,902 538 4670,SDES@AVRSB.CA,55,182600054
56,OCEAN VIEW ELEMENTARY SCHOOL ,51 OCEANVIEW SCHOOL RD EASTERN PASSAGE NS,B3G 1J3,9024658670,OVES@HRSB.NS.CA,54,319500293
57,ECOLE ROSE-DES-VENTS ,CP 1196 CHEMIN BEDFORD GREENWOOD N.-E.,B0P 1N0,9027657100,ERDV@CSAP.CA,57,350003214
57,ECOLE DU GRAND-PORTAGE,CP 1196 BEDFORD RD GREENWOOD N.-E.,B0P 1N0,902 765 7100,ERDV@CSAP.CA,57,350003214
58,CAMBRIDGE AND DISTRICT ELEMENTARY SCHOOL,6113 HWY 1 CAMBRIDGE NS,B0P 1G0,9025384680,CADS@AVRSB.CA,55,182200091
58,MACDONALD ELEMENTARY SCHOOL,6113 HWY 16113 HIGHWAY 1 CAMBRIDGE NS,B0P 1G0,902 538 4680,CADS@AVRSB.CA,55,182200091
59,GLOOSCAP ELEMENTARY SCHOOL ,1017 J JORDAN RD CANNING NS,B0P 1H0,9025822010,GES@AVRSB.CA,55,180400029
59,LOCKVIEW HIGH SCHOOL,1017 J JORDAN RD1017 J JORDAN RD CANNING NS,B0P 1H0,902 582 2010,GES@AVRSB.CA,55,180400029
60,GASPEREAU VALLEY ELEMENTARY SCHOOL,2781 GREENFIELD RD WOLFVILLE NS,B4P 2R1,9025426090,GVES@AVRSB.CA,55,186300032
60,DARTMOUTH HIGH SCHOOL,2781 GREENFIELD RD2781 GREENFIELD RD WOLFVILLE NS,B4P 2R1,902 542 6090,GVES@AVRSB.CA,55,186300032
61,L. E. SHAW ELEMENTARY SCHOOL ,486 OAK ISLAND RD AVONPORT NS,B0P 1B0,9025426900,LESES@AVRSB.CA,55,185600060
62,KINGSTON & DISTRICT SCHOOL ,PO BOX 295630 PINE RIDGE AVE KINGSTON NS,B0P 1R0,9027657530,KINGSTON@AVRSB.CA,55,400049977
62,CAVALIER DRIVE SCHOOL,PO BOX 295630 PINE RIDGE AVE KINGSTON NS,B0P 1R0,902 765 7530,KINGSTON@AVRSB.CA,55,400049977
63,ALDERSHOT ELEMENTARY SCHOOL ,446 ALDERSHOT RD KENTVILLE NS,B4N 3A1,9026903820,AES@AVRSB.CA,55,181800059
63,TRURO JUNIOR HIGH SCHOOL,446 ALDERSHOT RD446 ALDERSHOT RD KENTVILLE NS,B4N 3A1,902 690 3820,AES@AVRSB.CA,55,181800059
65,DWIGHT ROSS SCHOOL ,PO BOX 1420949 TREMONT MOUNTAIN RD GREENWOOD NS,B0P 1N0,9027657510,DRES@AVRSB.CA,55,400034340
65,NORTH RIVER ELEMENTARY SCHOOL,PO BOX 1420949 TREMONT MOUNTAIN RD GREENWOOD NS,B0P 1N0,902 765 7510,DRES@AVRSB.CA,55,400034340
67,CENTRAL KINGS RURAL HIGH SCHOOL,6125 HWY 1 CAMBRIDGE NS,B0P 1G0,9025384700,CK@AVRSB.CA,55,182200091
67,ST. AGNES ELEMENTARY SCHOOL,6125 HWY 16125 HIGHWAY 1 CAMBRIDGE NS,B0P 1G0,902 538 4700,CK@AVRSB.CA,55,182200091
68,ECOLE DU CARREFOUR ,201A AV DU PORTAGE DARTMOUTH N.-E.,B2X 3T4,9024337000,ECGH@CSAP.CA,57,319300278
70,HORTON HIGH SCHOOL ,75 GREENWICH RD S WOLFVILLE NS,B4P 2R2,9025426060,HHS@AVRSB.CA,55,186300032
70,HOLLAND ROAD ELEMENTARY SCHOOL,75 GREENWICH RD S75 GREENWICH RD S WOLFVILLE NS,B4P 2R2,902 542 6060,HHS@AVRSB.CA,55,186300032
71,WEST KINGS DISTRICT HIGH SCHOOL,1941 HWY 1 AUBURN NS,B0P 1A0,9028474440,WKDHS@AVRSB.CA,55,183000022
71,ST. MARY'S BAY ACADEMY,1941 HWY 11941 HIGHWAY 1 AUBURN NS,B0P 1A0,902 847 4440,WKDHS@AVRSB.CA,55,183000022
72,PORT WILLIAMS ELEMENTARY SCHOOL,1261 BELCHER ST PORT WILLIAMS NS,B0P 1T0,9025426074,PWES@AVRSB.CA,55,181500061
72,ECOLE ACADIENNE DE TRURO,1261 BELCHER ST1261 BELCHER ST PORT WILLIAMS NS,B0P 1T0,902 542 6074,PWES@AVRSB.CA,55,181500061
73,NEW MINAS ELEMENTARY SCHOOL ,34 JONES RD NEW MINAS NS,B4N 3N1,9026814900,NMES@AVRSB.CA,55,184800124
73,MILLWOOD HIGH SCHOOL,34 JONES RD34 JONES RD NEW MINAS NS,B4N 3N1,902 681 4900,NMES@AVRSB.CA,55,184800124
75,BERWICK AND DISTRICT SCHOOL ,PO BOX 40220 VETERANS DR BERWICK NS,B0P 1E0,9025384720,BADS@AVRSB.CA,55,182600054
75,BEL AYR ELEMENTARY SCHOOL,PO BOX 40220 VETERANS DR BERWICK NS,B0P 1E0,902 538 4720,BADS@AVRSB.CA,55,182600054
79,HILLCREST ACADEMY ,PO BOX 40127 KING ST SHELBURNE NS,B0T 1W0,9028755300,HIA@TCRSB.CA,59,154200082
79,CHESTER AREA MIDDLE SCHOOL,PO BOX 40127 KING ST SHELBURNE NS,B0T 1W0,902 875 5300,HIA@TCRSB.CA,59,154200082
80,FOREST HEIGHTS COMMUNITY SCHOOL,PO BOX 29847 HWY 12 CHESTER BASIN NS,B0J 1K0,9022752700,FHCS@SSRSB.CA,58,256400083
80,SHERWOOD PARK EDUCATION CENTRE,PO BOX 29847 HIGHWAY 12 CHESTER BASIN NS,B0J 1K0,902 275 2700,FHCS@SSRSB.CA,58,256400083
81,WOLFVILLE SCHOOL ,19 ACADIA ST WOLFVILLE NS,B4P 1K8,9025426050,WS@AVRSB.CA,55,186300032
81,PARK WEST SCHOOL,19 ACADIA ST19 ACADIA ST WOLFVILLE NS,B4P 1K8,902 542 6050,WS@AVRSB.CA,55,186300032
82,MEMORIAL COMPOSITE HIGH SCHOOL ,300 MEMORIAL DR SYDNEY MINES NS,B1V 2Y5,9027366233,NICHOLC7@GNSPES.CA,51,66100230
83,MIDDLE RIVER CONSOLIDATED SCHOOL,2248 CABOT TRAIL MIDDLE RIVER NS,B0E 1B0,9022952842,RCORDY@GNSPES.CA,51,56700073
85,TALLAHASSEE COMMUNITY SCHOOL ,168 REDOUBT WAY EASTERN PASSAGE NS,B3G 1M5,9024658650,TCS@HRSB.NS.CA,54,319500293
93,BOULARDERIE ELEMENTARY SCHOOL ,12065 KEMPT RD BOULARDERIE NS,B1X 1J9,9026742716,ANGELACURRIE@GNSPES.CA,51,400021282
93,WOLFVILLE SCHOOL,12065 KEMPT RD12065 KEMPT HEAD RD BOULARDERIE NS,B1X 1J9,902 674 2716,BOULARDERIE@STAFF.EDNET.NS.CA,51,400021282
96,BADDECK ACADEMY ,PO BOX 310320 SHORE RD BADDECK NS,B0E 1B0,9022952359,BARBMAC@GNSPES.CA,51,400028748
96,MACLENNAN MIDDLE HIGH SCHOOL,PO BOX 310320 SHORE RD BADDECK NS,B0E 1B0,902 295 2359,BADDECK@STAFF.EDNET.NS.CA,51,400028748
97,AUBURN DRIVE HIGH SCHOOL ,300 AUBURN DR DARTMOUTH NS,B2W 6E9,9024626900,ADHS@HRSB.NS.CA,54,319301535
98,DR. T. L. SULLIVAN MIDDLE SCHOOL,256 PARK RD FLORENCE NS,B1Y 1N2,9027366273,YORKEC1@GNSPES.CA,51,66000054
98,BOULARDERIE ELEMENTARY SCHOOL,256 PARK RD256 PARK RD FLORENCE NS,B1Y 1N2,902 736 6273,TLSULLIVAN@STAFF.EDNET.NS.CA,51,66000054
99,RICHMOND EDUCATION CENTRE/ACADEMY,40 MACKAY ST40 MACKAY ST FLORENCE NS,B1Y 1M3,902 736 8649,FLORENCE_ELE@STAFF.EDNET.NS.CA,51,66000054
101,BRAS D'OR ELEMENTARY SCHOOL ,10 ALDER PT RD BRAS D'OR NS,B1Y 2K1,9027364000,KUBLEKS@GNSPES.CA,51,400042954
104,BASINVIEW DRIVE COMMUNITY SCHOOL,273 BASINVIEW DR BEDFORD NS,B4A 3X8,9028328450,BDCS@HRSB.NS.CA,54,400041681
107,CABOT EDUCATION CENTRE ,32039 CABOT TRAIL NEIL'S HARBOUR NS,B0C 1N0,9023362266,SIMMSDJ@GNSPES.CA,51,400012690
107,KINGSTON & DISTRICT SCHOOL,32039 CABOT TRAIL32039 CABOT TRAIL NEIL'S HARBOUR NS,B0C 1N0,902 336 2266,CABOT@STAFF.EDNET.NS.CA,51,400012690
110,ST. MARY'S ELEMENTARY SCHOOL,30 REGENT ST30 REGENT ST NORTH SYDNEY NS,B2A 2E6,902 794 2492,THOMPSONJR@STAFF.EDNET.NS.CA,51,67200424
113,SETON ELEMENTARY SCHOOL ,25 WILKIE AVE NORTH SYDNEY NS,B2A 1Y5,9027942419,BRIGGSJ1@GNSPES.CA,51,67200424
113,OXFORD SCHOOL,25 WILKIE AVE25 WILKIE DR NORTH SYDNEY NS,B2A 1Y5,902 794 2419,SETONEL@STAFF.EDNET.NS.CA,51,67200424
117,SYDNEY MINES MIDDLE SCHOOL ,596 MAIN ST SYDNEY MINES NS,B1V 2K8,9027368549,LISAML@GNSPES.CA,51,66100230
117,TRENTON ELEMENTARY SCHOOL,596 MAIN ST596 MAIN ST SYDNEY MINES NS,B1V 2K8,902 736 8549,KURTK@GNSPES.CA,51,66100230
119,PICTOU ELEMENTARY SCHOOL,2 SCHOOL ST2 SCHOOL ST SYDNEY MINES NS,B1V 1R3,902 736 8382,STJOSEPHSM@STAFF.EDNET.NS.CA,51,66100230
129,LAWRENCETOWN CONSOLIDATED SCHOOL,10 MIDDLE RD RR 1 LAWRENCETOWN NS,B0S 1M0,9025844500,LCS@AVRSB.CA,55,400004019
129,MILLWOOD ELEMENTARY SCHOOL,10 MIDDLE RD RR 110 MIDDLE RD LAWRENCETOWN NS,B0S 1M0,902 584 4500,LCS@AVRSB.CA,55,400004019
131,O'CONNELL DRIVE ELEMENTARY SCHOOL,40 O'CONNELL DR PORTERS LAKE NS,B3E 1E8,9028274112,OCDES@HRSB.NS.CA,54,400056979
133,ANNAPOLIS WEST EDUCATION CENTRE,PO BOX 399100 CHAMPLAIN DR ANNAPOLIS ROYAL NS,B0S 1A0,9025323150,AWEC@AVRSB.CA,55,202800049
141,CLARK RUTHERFORD MEMORIAL SCHOOL,PO BOX 70234 SPINNAKER DR CLEMENTSPORT NS,B0S 1E0,9026384800,CRMS@AVRSB.CA,55,400033235
141,COXHEATH ELEMENTARY SCHOOL,PO BOX 70234 SPINNAKER DR CLEMENTSPORT NS,B0S 1E0,902 638 4800,CRMS@AVRSB.CA,55,400033235
143,H. M. MACDONALD ELEMENTARY SCHOOL,2811 HWY 245 MARYVALE NS,B2G 2J1,9028632096,JASON.DAYMAN@SRSB.CA,52,118300007
143,WEYMOUTH CONSOLIDATED SCHOOL,2811 HWY 2452811 HIGHWAY 245 MARYVALE NS,B2G 2J1,902 863 2096,JASON.DAYMAN@SRSB.CA,52,118300007
145,ECOLE ACADIENNE DE POMQUET ,791 RUE TAYLOR POMQUET N.-E.,B2G 2L4,9023865700,EAP@CSAP.CA,57,120500038
149,ST. ANDREWS CONSOLIDATED SCHOOL,3892 HWY 316 ST. ANDREWS NS,B0H 1X0,9028632512,KIRK.JOHNSTONE@SRSB.CA,52,#N/A
149,BARTON CONSOLIDATED SCHOOL,3892 HWY 3163892 HIGHWAY 316 ST ANDREWS NS,B0H 1X0,902 863 2512,SUZANNE.DELANEY@SRSB.CA,52,125100009
152,ST. ANDREW JUNIOR SCHOOL ,2 APPLESEED DR ANTIGONISH NS,B2G 3B6,9028633046,GLENN.AUSTEN@SRSB.CA,52,123900236
156,ECOLE PUBNICO-OUEST ,CP 40811 ROUTE 335 PUBNICO-OUEST N.-E.,B0W 3S0,9027624400,EPO@CSAP.CA,57,227000021
156,BADDECK ACADEMY,CP 40811 HIGHWAY 335 PUBNICO-OUEST N.-E.,B0W 3S0,902 762 4400,EPO@CSAP.CA,57,227000021
160,ECOLE WEDGEPORT ,44 CH DITCHER WEDGEPORT N.-E.,B0W 3P0,9026635000,EWDG@CSAP.CA,57,225400015
160,WESTMOUNT ELEMENTARY SCHOOL,44 CHEMIN DITCHER44 DITCHER RD WEDGEPORT N.-E.,B0W 3P0,902 663 5000,EWDG@CSAP.CA,57,225400015
167,BARRINGTON MUNICIPAL HIGH SCHOOL,PO BOX 40536 OAK PARK RD BARRINGTON NS,B0W 1E0,9026374310,BMHS@TCRSB.CA,59,400035904
175,TOMPKINS MEMORIAL ELEMENTARY SCHOOL,60 MAIN ST RESERVE MINES NS,B1E 1E5,9028493803,MCLEODM2@GNSPES.CA,51,68400054
175,BERWICK AND DISTRICT SCHOOL,60 MAIN ST60 MAIN ST RESERVE MINES NS,B1E 1E5,902 849 3803,TOMPKINS@STAFF.EDNET.NS.CA,51,68400054
182,ROBIN FOOTE ELEMENTARY SCHOOL ,125 SUNNYDALE DR WESTMOUNT NS,B1R 1J4,9025393031,MACDOUS13@GNSPES.CA,51,69400068
182,PARK VIEW EDUCATION CENTRE,125 SUNNYDALE DR125 SUNNYDALE DR WESTMOUNT NS,B1R 1J4,902 539 3031,ROBINFOOTE@STAFF.EDNET.NS.CA,51,69400068
183,MARION BRIDGE SCHOOL ,3845 GABARUS HWY MARION BRIDGE NS,B1K 1A6,9027272980,RUTHCLARKE@GNSPES.CA,51,400029710
183,COLDBROOK AND DISTRICT SCHOOL,3845 GABARUS HWY3845 GABARUS HWY MARION BRIDGE NS,B1K 1A6,902 727 2980,MARIONBRIDGE@STAFF.EDNET.NS.CA,51,400029710
185,SYDNEY RIVER ELEMENTARY SCHOOL,35 PHILLIPS ST SYDNEY RIVER NS,B1S 1M8,9025672144,KMCNENLY@GNSPES.CA,51,69300089
185,WINDSOR ELEMENTARY SCHOOL,35 PHILLIPS ST35 PHILLIP ST SYDNEY RIVER NS,B1S 1M8,902 567 2144,RIVERS@STAFF.EDNET.NS.CA,51,69300089
186,COXHEATH ELEMENTARY SCHOOL ,30 MT. FLORENCE ST COXHEATH NS,B1R 1T8,9025624961,TLEBLAN1@GNSPES.CA,51,69500217
199,PLYMOUTH SCHOOL ,RR 1849 HWY 334 ARCADIA NS,B0W 1B0,9026632000,PS@TCRSB.CA,59,219100044
199,SPRING STREET ACADEMY,RR 1849 HIGHWAY 334 ARCADIA NS,B0W 1B0,902 663 2000,PS@TCRSB.CA,59,219100044
202,MALCOLM MUNROE MEMORIAL MIDDLE SCHOOL,125 KENWOOD DR SYDNEY NS,B1S 1T8,9025644587,SMCAMPBELL@GNSPES.CA,51,68200167
202,ECOLE ROSE-DES-VENTS,125 KENWOOD DR125 KENWOOD DR SYDNEY NS,B1S 1T8,902 564 4587,MMMJHS@STAFF.EDNET.NS.CA,51,68200167
203,RIVERVIEW HIGH SCHOOL ,57 COXHEATH RD SYDNEY NS,B1R 1R4,9025645411,JOEMC@GNSPES.CA,51,68200167
203,ALDERNEY ELEMENTARY SCHOOL,57 COXHEATH RD57 COXHEATH RD SYDNEY NS,B1R 1R4,902 564 5411,RIVERVIEW@STAFF.EDNET.NS.CA,51,68200167
206,CHAMPLAIN ELEMENTARY SCHOOL,183 SUNNYDALE DR183 SUNNYDALE DR WESTMOUNT NS,B1R 1J4,902 564 5621,MACLENNAN_JR@STAFF.EDNET.NS.CA,51,69400068
207,CHESTER DISTRICT ELEMENTARY SCHOOL,PO BOX 368202 DUKE ST CHESTER NS,B0J 1J0,9022752750,CDES@SSRSB.CA,58,258300057
207,ROCKY LAKE JUNIOR HIGH SCHOOL,PO BOX 368202 DUKE ST CHESTER NS,B0J 1J0,902 275 2750,CDES@SSRSB.CA,58,258300057
214,NEW ROSS CONSOLIDATED SCHOOL ,PO BOX 104689 HWY 12 NEW ROSS NS,B0J 2M0,9026896100,NRCS@SSRSB.CA,58,256200009
214,ECOLE SECONDAIRE DE PAR-EN-BAS,PO BOX 104689 HIGHWAY 12 NEW ROSS NS,B0J 2M0,902 689 6100,NRCS@SSRSB.CA,58,256200009
216,CHESTER AREA MIDDLE SCHOOL ,PO BOX 440204 DUKE ST CHESTER NS,B0J 1J0,9022752720,CAMS@SSRSB.CA,58,258300057
216,CITADEL HIGH SCHOOL,PO BOX 440204 DUKE ST CHESTER NS,B0J 1J0,902 275 2720,CAMS@SSRSB.CA,58,258300057
217,ECOLE JOSEPH-DUGAS ,450 CH PATRICE POINTE-DE-L'EGLISE N.-E.,B0W 1M0,9027695430,EJD@CSAP.CA,57,286900013
217,ELIZABETH SUTHERLAND SCHOOL,450 CHEMIN PATRICE450 PATRICE RD POINTE-DE-L'EGLISE N.-E.,B0W 1M0,902 769 5430,EJD@CSAP.CA,57,286900013
218,ECOLE JEAN-MARIE-GAY ,9680 RTE 1 SAULNIERVILLE N.-E.,B0W 2Z0,9027695420,EJMG@CSAP.CA,57,400008115
218,MAPLE RIDGE ELEMENTARY SCHOOL,9680 RTE 19680 HIGHWAY 1 SAULNIERVILLE N.-E.,B0W 2Z0,902 769 5420,EJMG@CSAP.CA,57,400008115
219,ECOLE STELLA-MARIS ,CP 408288 CHEMIN PETER DUGAS METEGHAN N.-E.,B0W 2J0,9026455500,ESM@CSAP.CA,57,288400038
221,ECOLE SAINT-ALBERT ,CP 265155 ROUTE 1 RIVIERE-AUX-SAUMONS N.-E.,B0W 2Y0,9026495600,ESTA@CSAP.CA,57,289200021
221,FERRISVIEW ELEMENTARY SCHOOL,CP 265155 HIGHWAY 1 RIVIERE-AUX-SAUMONS N.-E.,B0W 2Y0,902 649 5600,ESTA@CSAP.CA,57,289200021
225,ECOLE SECONDAIRE DE CLARE ,80 CH PLACIDE COMEAU LA BUTTE N.-E.,B0W 2L0,9027695400,ESDC@CSAP.CA,57,#N/A
225,SPRINGVALE ELEMENTARY SCHOOL,80 CHEMIN PLACIDE COMEAU80 PLACIDE COMEAU RD LABUTTE N.-E.,B0W 2L0,902 769 5400,ESDC@CSAP.CA,57,287900005
227,WALLACE CONSOLIDATED ELEMENTARY SCHOOL,3853 HWY 307 WALLACE NS,B0K 1Y0,9022576100,DORNDG@CCRSB.CA,53,12000006
227,UNIACKE DISTRICT SCHOOL,3853 HWY 3073853 HIGHWAY 307 WALLACE NS,B0K 1Y0,902 257 6100,WELLSSE@CCRSB.CA,53,12000006
228,A. J. SMELTZER JUNIOR HIGH SCHOOL,46 PRINCE ST LOWER SACKVILLE NS,B4C 1L1,9028646846,AJS@HRSB.NS.CA,54,306400289
228,WEST HANTS EDUCATION CENTRE,46 PRINCE ST46 PRINCE ST LOWER SACKVILLE NS,B4C 1L1,902 864 6846,AJS@HRSB.NS.CA,54,306400289
230,CYRUS EATON ELEMENTARY SCHOOL ,PO BOX 129171 QUEEN ST PUGWASH NS,B0K 1L0,9022433900,WELLSSE@CCRSB.CA,53,13900029
231,NORTHPORT CONSOLIDATED ELEMENTARY SCHOOL,7110 HWY 366 NORTHPORT NS,B0L 1E0,9026612490,TRENHOLMA@CCRSB.CA,53,15500009
231,FELIX MARCHANDEDUCATION CENTRE,7110 HWY 3667110 HIGHWAY 366 NORTHPORT NS,B0L 1E0,902 661 2490,TRENHOLMA@CCRSB.CA,53,15500009
240,BRIDGEPORT SCHOOL,2843 BARRENSFIELD RD2843 BARRONSFIELD RD RIVER HEBERT NS,B0L 1G0,902 251 3200,TAYLORV@CCRSB.CA,53,8100002
248,ADVOCATE DISTRICT SCHOOL ,PO BOX 623521 HWY 209 ADVOCATE HARBOUR NS,B0M 1A0,9023923400,DICKINSOND@CCRSB.CA,53,400011
248,PLYMOUTH SCHOOL,PO BOX 623521 HIGHWAY 209 ADVOCATE HARBOUR NS,B0M 1A0,902 392 3400,GAMBLIND@CCRSB.CA,53,400011
251,RIVER HEBERT DISTRICT SCHOOL,2843 BARRONSFIELD RD RIVER HEBERT NS,B0L 1G0,9022513200,TAYLORV@CCRSB.CA,53,8100002
252,PUGWASH DISTRICT HIGH SCHOOL ,192 CHURCH ST PUGWASH NS,B0K 1L0,9022433930,BRUNTSE@CCRSB.CA,53,13900029
252,SALT SPRINGS ELEMENTARY SCHOOL,192 CHURCH ST192 GULF SHORE RD PUGWASH NS,B0K 1L0,902 243 3930,BRUNTSE@CCRSB.CA,53,13900029
255,DIGBY NECK CONSOLIDATED SCHOOL,PO BOX 298017 HIGHWAY 101 BARTON NS,B0W 1H0,902 245 7570,BACES@TCRSB.CA,59,400022128
256,WEYMOUTH CONSOLIDATED SCHOOL ,PO BOX 4004695 HWY 1 WEYMOUTH NS,B0W 3T0,9028372310,WCS@TCRSB.CA,59,400039784
256,ECOLE PUBNICO-OUEST,PO BOX 4004695 HIGHWAY 1 WEYMOUTH NS,B0W 3T0,902 837 2310,WCS@TCRSB.CA,59,400039784
257,DIGBY NECK CONSOLIDATED SCHOOL ,RR 16203 SANDY COVE RD SANDY COVE NS,B0V 1E0,9028346600,DNCES@TCRSB.CA,59,295900028
257,CHARLES P. ALLEN HIGH SCHOOL,RR 16203 HIGHWAY 217 SANDY COVE NS,B0V 1E0,902 834 6600,DNCES@TCRSB.CA,59,295900028
259,ISLANDS CONSOLIDATED SCHOOL ,PO BOX 8075 OVERCOVE RD FREEPORT NS,B0V 1B0,9028396300,ICS@TCRSB.CA,59,295100015
259,MADELINE SYMONDS MIDDLE SCHOOL,PO BOX 8075 OVERCOVE RD FREEPORT NS,B0V 1B0,902 839 6300,ICS@TCRSB.CA,59,295100015
266,FANNING EDUCATION CENTRE/ CANSO ACADEMY,129 TICKLE RD GUYSBOROUGH NS,B0H 1H0,9023662225,JEFF.GEORGE@SRSB.CA,52,400010225
266,ECOLE JOSEPH-DUGAS,129 TICKLE RD129 TICKLE RD GUYSBOROUGH NS,B0H 1H0,902 366 2225,JEFF.GEORGE@SRSB.CA,52,400010225
268,BEDFORD AND FORSYTH EDUCATION CENTRES,426 ROCKY LAKE DR BEDFORD NS,B4A 2T5,9028328630,AHS@HRSB.NS.CA,54,400041681
277,SIR JOHN A. MACDONALD HIGH SCHOOL,31 SCHOLARS RD UPPER TANTALLON NS,B3Z 0C3,9028263222,SJA@HRSB.NS.CA,54,400019923
277,ECOLE SECONDAIRE DE CLARE,31 SCHOLARS RD31 SCHOLARS RD UPPER TANTALLON NS,B3Z 0C3,902 826 3222,SJA@HRSB.NS.CA,54,400019923
282,PROSPECT ROAD ELEMENTARY SCHOOL,2199 PROSPECT RD HATCHET LAKE NS,B3T 1R8,9028522441,PRES@HRSB.NS.CA,54,322300021
283,EAST ST. MARGARET'S ELEMENTARY SCHOOL,8671 PEGGY'S COVE RD INDIAN HARBOUR NS,B3Z 3P5,9028232463,ESTM@HRSB.NS.CA,54,323200012
284,TANTALLON SENIOR ELEMENTARY SCHOOL,3 FRENCH VILLAGE STN RD UPPER TANTALLON NS,B3Z 1E4,9028261200,TANTALLON@HRSB.CA,54,400019923
286,BROOKSIDE JUNIOR HIGH SCHOOL ,2239 PROSPECT RD HATCHET LAKE NS,B3T 1R8,9028522062,BJHS@HRSB.NS.CA,54,322300021
287,SHATFORD MEMORIAL ELEMENTARY SCHOOL,10089 ST. MARGARET'S BAY RD HUBBARDS NS,B0J 1T0,9028574200,SMES@HRSB.NS.CA,54,305000067
288,FIVE BRIDGES JUNIOR HIGH SCHOOL,66 HUBLEY RD HUBLEY NS,B3Z 1B9,9028762026,FBJH@HRSB.NS.CA,54,321800010
290,BEECHVILLE LAKESIDE TIMBERLEA SENIOR ELEMENTARY SCHOOL,24 JAMES ST TIMBERLEA NS,B3T 1G9,9028763230,BLT@HRSB.CA,54,321700063
291,BEECHVILLE LAKESIDE TIMBERLEA JUNIOR ELEMENTARY SCHOOL,22 JAMES ST TIMBERLEA NS,B3T 1G9,9028763236,BLTJR@HRSB.CA,54,321700063
293,HERRING COVE JUNIOR HIGH SCHOOL,7 LANCASTER DR HERRING COVE NS,B3V 1H9,9024794214,HCJH@HRSB.NS.CA,54,320000055
294,WILLIAM KING ELEMENTARY SCHOOL ,91 ST. PAUL'S AVE HERRING COVE NS,B3V 1H6,9024794200,WKES@HRSB.NS.CA,54,320000055
295,SAMBRO ELEMENTARY SCHOOL ,3725 OLD SAMBRO RD SAMBRO NS,B3V 1G1,9028682717,SES@HRSB.NS.CA,54,321100013
296,HARRIETSFIELD ELEMENTARY SCHOOL,1150 OLD SAMBRO RD HARRIETSFIELD NS,B3V 1B1,9024794230,HES@HRSB.NS.CA,54,321300036
297,SACKVILLE HIGH SCHOOL ,1 KINGFISHER WAY LOWER SACKVILLE NS,B4C 2Y9,9028646700,SHS@HRSB.NS.CA,54,306400289
297,BIG TANCOOK ELEMENTARY SCHOOL,1 KINGFISHER WAY1 KINGFISHER WAY LOWER SACKVILLE NS,B4C 2Y9,902 864 6700,SHS@HRSB.NS.CA,54,306400289
299,SUNNYSIDE ELEMENTARY SCHOOL ,210 EAGLEWOOD DR BEDFORD NS,B4A 3E3,9028328983,SUNNYSIDE@HRSB.NS.CA,54,400041681
303,SACKVILLE HEIGHTS JUNIOR HIGH SCHOOL,956 SACKVILLE DR LOWER SACKVILLE NS,B4E 1S4,9028693800,SHJH@HRSB.NS.CA,54,306400289
303,TALLAHASSEE COMMUNITY SCHOOL,956 SACKVILLE DR956 SACKVILLE DR LOWER SACKVILLE NS,B4E 1S4,902 869 3800,SHJH@HRSB.NS.CA,54,306400289
304,BEAVER BANK-KINSAC ELEMENTARY SCHOOL,28 KINSAC RD BEAVER BANK NS,B4G 1C5,9028646805,BBKS@HRSB.NS.CA,54,306500135
306,HAMMONDS PLAINS CONSOLIDATED SCHOOL,2180 HAMMONDS PLAINS RD HAMMONDS PLAINS NS,B4B 1M5,9028328412,HPCS@HRSB.NS.CA,54,306100158
307,SYCAMORE LANE ELEMENTARY SCHOOL,69 SYCAMORE LANE LOWER SACKVILLE NS,B4C 1E8,9028646730,SLES@HRSB.NS.CA,54,306400289
307,SHELBURNE REGIONAL HIGH SCHOOL,69 SYCAMORE LANE69 SYCAMORE LANE LOWER SACKVILLE NS,B4C 1E8,902 864 6730,SLES@HRSB.NS.CA,54,306400289
310,HILLSIDE PARK ELEMENTARY SCHOOL,15 HILLSIDE AVE LOWER SACKVILLE NS,B4C 1W6,9028646873,HPES@HRSB.NS.CA,54,306400289
311,SACKVILLE HEIGHTS ELEMENTARY SCHOOL,1225 OLD SACKVILLE RD MIDDLE SACKVILLE NS,B4E 3A6,9028694700,SHES@HRSB.NS.CA,54,306400380
311,J. L. ILSLEY HIGH SCHOOL,1225 OLD SACKVILLE RD1225 OLD SACKVILLE RD MIDDLE SACKVILLE NS,B4E 3A6,902 869 4700,SHES@HRSB.NS.CA,54,306400380
312,CAUDLE PARK ELEMENTARY SCHOOL ,35 MCGEE DR LOWER SACKVILLE NS,B4C 2J1,9028646864,CPES@HRSB.NS.CA,54,306400289
312,KINGS COUNTY ACADEMY,35 MCGEE DR35 MCGEE DR LOWER SACKVILLE NS,B4C 2J1,902 864 6864,CPES@HRSB.NS.CA,54,306400289
313,HARRY R. HAMILTON ELEMENTARY SCHOOL,40 HAMILTON DR MIDDLE SACKVILLE NS,B4E 3A9,9028646815,HRH@HRSB.NS.CA,54,306400380
313,THORBURN CONSOLIDATED SCHOOL,40 HAMILTON DR40 HAMILTON DR MIDDLE SACKVILLE NS,B4E 3A9,902 864 6815,HRH@HRSB.NS.CA,54,306400380
314,GEORGES P. VANIER JUNIOR HIGH SCHOOL,1410 FALL RIVER RD FALL RIVER NS,B2T 1J1,9028604182,VANIER@HRSB.NS.CA,54,350003945
315,OLDFIELD CONSOLIDATED SCHOOL ,72 HALLS RD ENFIELD NS,B2T 1C4,9028833010,OCS@HRSB.NS.CA,54,307500032
317,ASH LEE JEFFERSON ELEMENTARY SCHOOL,10 LOCKVIEW RD FALL RIVER NS,B2T 1J1,9028604163,ALJS@HRSB.NS.CA,54,350003945
318,GRAHAM CREIGHTON JUNIOR HIGH SCHOOL,72 CHERRY BROOK RD CHERRY BROOK NS,B2Z 1A8,9024645164,GCJH@HRSB.NS.CA,54,400054412
319,CALDWELL ROAD ELEMENTARY SCHOOL,280 CALDWELL RD DARTMOUTH NS,B2V 1A3,9024626010,CRES@HRSB.NS.CA,54,319301535
320,SIR ROBERT BORDEN JUNIOR HIGH SCHOOL,16 EVERGREEN DR DARTMOUTH NS,B2W 4A7,9024645140,SRBJH@HRSB.NS.CA,54,319301535
320,CENTRE SCOLAIRE DE LA RIVE-SUD,16 EVERGREEN DR16 EVERGREEN DR DARTMOUTH NS,B2W 4A7,902 464 5140,SRBJH@HRSB.NS.CA,54,319301535
321,ROSS ROAD SCHOOL ,336 ROSS RD WESTPHAL NS,B2Z 1H2,9024628340,RRS@HRSB.NS.CA,54,318900161
322,BELL PARK ACADEMIC CENTRE ,4 THOMAS ST LAKE ECHO NS,B3E 1M6,9028292388,BPAC@HRSB.NS.CA,54,318300076
322,ST. ANDREW JUNIOR SCHOOL,4 THOMAS ST4 THOMAS ST LAKE ECHO NS,B3E 1M6,902 829 2388,BPAC@HRSB.NS.CA,54,318300076
324,NELSON WHYNDER ELEMENTARY SCHOOL,979 NORTH PRESTON RD NORTH PRESTON NS,B2Z 1A2,9024626030,NWES@HRSB.NS.CA,54,319100060
324,BROOKHOUSE ELEMENTARY SCHOOL,979 NORTH PRESTON RD979 NORTH PRESTON RD NORTH PRESTON NS,B2Z 1A2,902 462 6030,NWES@HRSB.NS.CA,54,319100060
326,ATLANTIC VIEW ELEMENTARY SCHOOL,3391 LAWRENCETOWN RD LAWRENCETOWN NS,B2Z 1R5,9024645245,ATVS@HRSB.NS.CA,54,400004019
326,HANTS NORTH RURAL HIGH SCHOOL,3391 LAWRENCETOWN RD3391 LAWRENCETOWN RD LAWRENCETOWN NS,B2Z 1R5,902 464 5245,ATVS@HRSB.NS.CA,54,400004019
327,HUMBER PARK ELEMENTARY SCHOOL,5 SMALLWOOD AVE DARTMOUTH NS,B2W 3R6,9024645177,HPS@HRSB.NS.CA,54,319301535
328,DUNCAN MACMILLAN HIGH SCHOOL ,481 CHURCH POINT RD SHEET HARBOUR NS,B0J 3B0,9028852777,DMHS@HRSB.NS.CA,54,313400047
330,LAKEFRONT CONSOLIDATED ELEMENTARY SCHOOL,17286 HWY 7 TANGIER NS,B0J 3H0,9027722195,LCS@HRSB.NS.CA,54,400031150
330,SYDNEY MINES MIDDLE SCHOOL,17286 HWY 717286 HIGHWAY 7 TANGIER NS,B0J 3H0,902 772 2195,LCS@HRSB.NS.CA,54,400031150
334,EASTERN SHORE DISTRICT HIGH SCHOOL,35 WEST PETPESWICK RD MUSQUODOBOIT HBR NS,B0J 2L0,9028894025,ESDH@HRSB.NS.CA,54,316700058
339,COLONEL JOHN STUART ELEMENTARY SCHOOL,5 JOHN STEWART DR COLE HARBOUR NS,B2W 4J7,9024645200,CJSES@HRSB.NS.CA,54,318800043
339,RIVER HEBERT DISTRICT HIGH SCHOOL,5 JOHN STEWART DR5 JOHN STEWART DR COLE HARBOUR NS,B2W 4J7,902 464 5200,CJSES@HRSB.NS.CA,54,318800043
343,DUTCH SETTLEMENT ELEMENTARY SCHOOL,990 HWY 277 DUTCH SETTLEMENT NS,B2S 2J5,9028833000,DSES@HRSB.NS.CA,54,400023353
343,WEST END MEMORIAL SCHOOL,990 HWY 277990 HIGHWAY 277 DUTCH SETTLEMENT NS,B2S 2J5,902 883 3000,DSES@HRSB.NS.CA,54,400023353
348,MUSQUODOBOIT VALLEY EDUCATION CENTRE,PO BOX 9912046 HWY 224 MIDDLE MUSQUODOBOIT NS,B0N 1X0,9023842555,MVEC@HRSB.NS.CA,54,400038148
348,HARBOURSIDE ELEMENTARY SCHOOL,PO BOX 9912046 HIGHWAY 224 MIDDLE MUSQUODOBOIT NS,B0N 1X0,902 384 2555,MVEC@HRSB.NS.CA,54,400038148
349,UPPER MUSQUODOBOIT CONSOLIDATED ELEMENTARY SCHOOL,8416 HWY 224 UPPER MUSQUODOBOIT NS,B0N 2M0,9025682285,UMCS@HRSB.NS.CA,54,310000008
349,MOUNT CARMEL ELEMENTARY SCHOOL,8416 HWY 2248416 HIGHWAY 224 UPPER MUSQUODOBOIT NS,B0N 2M0,902 568 2285,UMCS@HRSB.NS.CA,54,310000008
351,EASTERN PASSAGE EDUCATION CENTRE,93 SAMUEL DANIAL DR EASTERN PASSAGE NS,B3G 1P7,9024628401,EPEC@HRSB.NS.CA,54,319500293
351,YARMOUTH CENTRAL SCHOOL,93 SAMUEL DANIAL DR93 SAMUEL DANIAL DR EASTERN PASSAGE NS,B3G 1P7,902 462 8401,EPEC@HRSB.NS.CA,54,319500293
352,COLBY VILLAGE ELEMENTARY SCHOOL,92 COLBY DR DARTMOUTH NS,B2V 1J7,9024645152,CVES@HRSB.NS.CA,54,319301535
352,LAWRENCETOWN EDUCATION CENTRE,92 COLBY DR92 COLBY DR DARTMOUTH NS,B2V 1J7,902 464 5152,CVES@HRSB.NS.CA,54,319301535
353,LESLIE THOMAS JUNIOR HIGH SCHOOL,100 METROPOLITAN AVE LOWER SACKVILLE NS,B4C 2Z8,9028646785,LTJH@HRSB.NS.CA,54,306400289
353,EVANGELINE MIDDLE SCHOOL,100 METROPOLITAN AVE100 METROPOLITAN AVE LOWER SACKVILLE NS,B4C 2Z8,902 864 6785,LTJH@HRSB.NS.CA,54,306400289
354,JOSEPH GILES ELEMENTARY SCHOOL,54 GREGORY DR DARTMOUTH NS,B2W 3M6,9024645192,JGES@HRSB.NS.CA,54,319301535
355,SMOKEY DRIVE ELEMENTARY SCHOOL ,241 SMOKEY DR LOWER SACKVILLE NS,B4C 3G1,9028646838,SDES@HRSB.NS.CA,54,306400289
355,TAMARAC EDUCATION CENTRE,241 SMOKEY DR241 SMOKEY DR LOWER SACKVILLE NS,B4C 3G1,902 864 6838,SDES@HRSB.NS.CA,54,306400289
356,GAETZ BROOK JUNIOR HIGH SCHOOL ,6856 HWY 7 HEAD OF CHEZZETCOOK NS,B0J 1N0,9028274666,GBJHS@HRSB.NS.CA,54,317100007
356,FLORENCE ELEMENTARY SCHOOL,6856 HWY 76856 HIGHWAY 7 HEAD OF CHEZZETCOOK NS,B0J 1N0,902 827 4666,GBJHS@HRSB.NS.CA,54,317100007
357,COLE HARBOUR DISTRICT HIGH SCHOOL,2 CHAMEAU CRES COLE HARBOUR NS,B2W 4X4,9024645220,CHDHS@HRSB.NS.CA,54,318800043
357,MEMORIAL COMPOSITE HIGH SCHOOL,2 CHAMEAU CRES2 CHAMEAU CRES COLE HARBOUR NS,B2W 4X4,902 464 5220,CHDHS@HRSB.NS.CA,54,318800043
359,ROBERT K. TURNER ELEMENTARY SCHOOL,141 CIRCASSION DR DARTMOUTH NS,B2W 4N7,9024645205,RKT@HRSB.NS.CA,54,319301535
359,ENFIELD DISTRICT SCHOOL,141 CIRCASSION DR141 CIRCASSION DR DARTMOUTH NS,B2W 4N7,902 464 5205,RKT@HRSB.NS.CA,54,319301535
360,THREE MILE PLAINS DISTRICT SCHOOL,4555 HWY 1 RR 2 WINDSOR NS,B0N 2T0,9027926720,TMPDS@AVRSB.CA,55,184000005
360,CHIGANOIS ELEMENTARY SCHOOL,4555 HWY 1 RR 24555 HIGHWAY 1 WINDSOR NS,B0N 2T0,902 792 6720,TMPDS@AVRSB.CA,55,184000005
361,WINDSOR FORKS DISTRICT SCHOOL ,120 SANGSTER BRIDGE RD WINDSOR FORKS NS,B0N 2T0,9027926700,WFDS@AVRSB.CA,55,#N/A
361,REDCLIFF MIDDLE SCHOOL,PO BOX 91120 SANGSTER BRIDGE RD CURRY'S CORNER NS,B0N 1H0,902 792 6700,WFDS@AVRSB.CA,55,146500003
362,FALMOUTH DISTRICT SCHOOL ,PO BOX 4030 SCHOOL ST FALMOUTH NS,B0P 1L0,9027926710,FDS@AVRSB.CA,55,145900122
362,PRINCE ANDREW HIGH SCHOOL,PO BOX 4030 SCHOOL ST FALMOUTH NS,B0P 1L0,902 792 6710,FDS@AVRSB.CA,55,145900122
363,BROOKLYN DISTRICT ELEMENTARY SCHOOL,8008 HWY 14 NEWPORT NS,B0N 2A0,9027574120,BDES@AVRSB.CA,55,400030325
363,SYDNEY ACADEMY,8008 HWY 148008 HIGHWAY 14 NEWPORT NS,B0N 2A0,902 757 4120,BDES@AVRSB.CA,55,400030325
366,DR. ARTHUR HINES ELEMENTARY SCHOOL,75 MUSGRAVE RD SUMMERVILLE NS,B0N 2K0,9026336300,DAHES@AVRSB.CA,55,143500011
366,KINGS COUNTY ADULT HIGH SCHOOL,75 MUSGRAVE RD75 MUSGRAVE RD SUMMERVILLE NS,B0N 2K0,902 633 6300,DAHES@AVRSB.CA,55,143500011
376,WINDSOR ADULT HIGH SCHOOL ,PO BOX 36994 WENTWORTH RD WINDSOR NS,B0N 2T0,9027926751,WAHS@AVRSB.CA,55,184000005
376,ISLANDS CONSOLIDATED SCHOOL,PO BOX 36994 WENTWORTH RD WINDSOR NS,B0N 2T0,902 792 6751,WAHS@AVRSB.CA,55,184000005
378,ECOLE NDA ,CP 10015118 CABOT TRAIL CHETICAMP N.-E.,B0E 1H0,9022245300,ENDA@CSAP.CA,57,20500038
378,PARRSBORO REGIONAL HIGH SCHOOL,CP 10015118 CABOT TRAIL CHETICAMP N.-E.,B0E 1H0,902 224 5300,ENDA@CSAP.CA,57,20500038
379,KINGS COUNTY ADULT HIGH SCHOOL ,34 HIGHBURY RD NEW MINAS NS,B4N 3P7,9026814930,KCAHS@AVRSB.CA,55,184800124
379,SEASIDE ELEMENTARY SCHOOL,34 HIGHBURY RD34 HIGHBURY RD NEW MINAS NS,B4N 3P7,902 681 4930,KCAHS@AVRSB.CA,55,184800124
386,DR. JOHN C. WICKWIRE ACADEMY ,311 OLD PORT MOUTON RD LIVERPOOL NS,B0T 1K0,9023547660,DJCWA@SSRSB.CA,58,171800132
387,CENTRE SCOLAIRE ETOILE DE L'ACADIE,15 RUE INGLIS SYDNEY N.-E.,B1P 7C6,9025633900,CSEA@CSAP.CA,57,400041131
387,AVON VIEW HIGH SCHOOL,15 RUE INGLIS15 INGLIS ST SYDNEY N.-E.,B1P 7C6,902 563 3900,CSEA@CSAP.CA,57,400041131
388,WHYCOCOMAGH EDUCATION CENTRE ,PO BOX 16050 NORMAN MACLEOD RD WHYCOCOMAGH NS,B0E 3M0,9027562441,SHELLEY.MACLEAN@SRSB.CA,52,26900058
388,ROCKINGHAM ELEMENTARY SCHOOL,PO BOX 16050 NORMAN MCLEOD RD WHYCOCOMAGH NS,B0E 3M0,902 756 2441,SHELLEY.MACLEAN@SRSB.CA,52,26900058
390,PLEASANT BAY SCHOOL ,456 PLEASANT BAY RD PLEASANT BAY NS,B0E 2P0,9022242365,PETER.GOOSENS@SRSB.CA,52,20100023
390,SACKVILLE HIGH SCHOOL,456 PLEASANT BAY RD456 PLEASANT BAY LOOP PLEASANT BAY NS,B0E 2P0,902 224 2365,PETER.GOOSENS@SRSB.CA,52,20100023
394,WEST NORTHFIELD ELEMENTARY SCHOOL,6 VICTORIA ACRES DR WEST NORTHFIELD NS,B4V 5C7,9025418220,WNES@SSRSB.CA,58,239000030
397,NEW GERMANY ELEMENTARY SCHOOL ,150 SCHOOL ST NEW GERMANY NS,B0R 1E0,9026445020,NGES@SSRSB.CA,58,238200034
397,CENTRAL SPRYFIELD SCHOOL,150 SCHOOL ST150 SCHOOL ST NEW GERMANY NS,B0R 1E0,902 644 5020,NGES@SSRSB.CA,58,238200034
400,PENTZ ELEMENTARY SCHOOL ,PO BOX 882680 HWY 331 LAHAVE NS,B0R 1C0,9026883210,PES@SSRSB.CA,58,400035544
400,SOUTH COLCHESTER ACADEMY,PO BOX 882680 HIGHWAY 331 LAHAVE NS,B0R 1C0,902 688 3210,PES@SSRSB.CA,58,400035544
401,PETITE RIVIERE ELEMENTARY SCHOOL,123 WENTZELL RD PETITE RIVIERE NS,B4V 5Y2,9026883200,PRES@SSRSB.CA,58,400052294
401,BEDFORD SOUTH SCHOOL,123 WENTZELL RD123 WENTZELL RD PETITE RIVIERE NS,B4V 5Y2,902 688 3200,PRES@SSRSB.CA,58,400052294
402,NEW GERMANY RURAL HIGH SCHOOL ,44 SCHOOL ST NEW GERMANY NS,B0R 1E0,9026445000,NGRHS@SSRSB.CA,58,238200034
402,CALEDONIA JUNIOR HIGH SCHOOL,44 SCHOOL ST44 SCHOOL ST NEW GERMANY NS,B0R 1E0,902 644 5000,NGRHS@SSRSB.CA,58,238200034
404,NEWCOMBVILLE ELEMENTARY SCHOOL,4220 HWY 325 NEWCOMBVILLE NS,B4V 7W2,9025418230,NES@SSRSB.CA,58,247000005
404,BLUENOSE ACADEMY,4220 HWY 3254220 HIGHWAY 325 NEWCOMBVILLE NS,B4V 7W2,902 541 8230,NES@SSRSB.CA,58,247000005
405,BIG TANCOOK ELEMENTARY SCHOOL ,36 SCHOOL RD BIG TANCOOK ISLAND NS,B0J 3G0,9022288300,BTES@SSRSB.CA,58,259100007
407,WEST PICTOU CONSOLIDATED SCHOOL,1999 HWY 376 PICTOU NS,B0K 1H0,9024857960,TURNERCA@CCRSB.CA,53,83500037
407,ARCADIA CONSOLIDATED ELEMENTARY SCHOOL,1999 HWY 3761959 HIGHWAY 376 PICTOU NS,B0K 1H0,902 485 7960,TURNERCA@CCRSB.CA,53,83500037
408,DR. W. A. MACLEOD CONSOLIDATED SCHOOL,RR 16193 TRAFALGAR RD STELLARTON NS,B0K 1S0,9027558450,STACEYRL@CCRSB.CA,53,89200051
408,LIVERPOOL REGIONAL HIGH SCHOOL,RR 16193 STELLARTON TRAFALGAR RD STELLARTON NS,B0K 1S0,902 755 8450,STACEYRL@CCRSB.CA,53,89200051
409,PARK VIEW EDUCATION CENTRE ,1485 KING ST BRIDGEWATER NS,B4V 1C4,9025418200,PVEC@SSRSB.CA,58,239900538
409,BELL PARK ACADEMIC CENTRE,1485 KING ST1485 KING ST BRIDGEWATER NS,B4V 1C4,902 541 8200,PVEC@SSRSB.CA,58,239900538
410,MAPLE GROVE EDUCATION CENTRE ,52 GROVE MEMORIAL DR HEBRON NS,B0W 1X0,9027495160,MGEC@TCRSB.CA,59,218100015
410,BAYVIEW COMMUNITY SCHOOL,52 GROVE MEMORIAL DR52 GROVE MEMORIAL DR HEBRON NS,B0W 1X0,902 749 5160,MGEC@TCRSB.CA,59,218100015
414,F. H. MACDONALD ELEMENTARY SCHOOL,RR 1123 SCHOOL RD THORBURN NS,B0K 1W0,9029223820,DOYLENM@CCRSB.CA,53,400041819
416,GLACE BAY ELEMENTARY SCHOOL ,135 BROOKSIDE ST GLACE BAY NS,B1A 1K8,9028493256,SHEPARDR@GNSPES.CA,51,68500117
416,WHYCOCOMAGH EDUCATION CENTRE,135 BROOKSIDE ST135 BROOKSIDE ST GLACE BAY NS,B1A 1K8,902 849 3256,GBE@STAFF.EDNET.NS.CA,51,68500117
425,ATLANTIC MEMORIAL-TERENCE BAY SCHOOL,3591 PROSPECT RD SHAD BAY NS,B3T 1Z3,9028522166,AMTB@HRSB.NS.CA,54,400004658
425,SSRSB ADULT HIGH SCHOOL,3591 PROSPECT RD3591 PROSPECT RD SHAD BAY NS,B3T 1Z3,902 852 2166,AMTB@HRSB.NS.CA,54,400004658
428,THORBURN CONSOLIDATED SCHOOL ,PO BOX 21113 NEW ROW THORBURN NS,B0K 1W0,9029223840,SMITHLS@CCRSB.CA,53,400041819
432,EAST PICTOU MIDDLE SCHOOL ,163 SCHOOL RD RR 1 THORBURN NS,B0K 1W0,9029223800,DOYLENM@CCRSB.CA,53,400041819
433,ECOLE ACADIENNE DE TRURO ,50 RUE ABERDEEN TRURO N.-E.,B2N 4V3,9028964500,EAT@CSAP.CA,57,267900257
433,SUNNYSIDE ELEMENTARY SCHOOL,CP 2150 ABERDEEN ST TRURO N.-E.,B2N 4V3,902 896 4500,EAT@CSAP.CA,57,267900257
441,SALT SPRINGS ELEMENTARY SCHOOL ,2080 WEST RIVER STN RD SALT SPRINGS NS,B0K 1P0,9029256000,NELSONRD@CCRSB.CA,53,#N/A
441,NEW MINAS ELEMENTARY SCHOOL,2080 WEST RIVER STN RD2080 WEST RIVER STATION RD PICTOU NS,B0K 1P0,902 925 6000,NELSONRD@CCRSB.CA,53,83500037
459,NORTH QUEENS COMMUNITY SCHOOL ,PO BOX 18440 WEST CALEDONIA RD CALEDONIA NS,B0T 1E0,9026823500,NQCS@SSRSB.CA,58,400008265
459,ASTRAL DRIVE ELEMENTARY SCHOOL,PO BOX 18440 WEST CALEDONIA RD CALEDONIA NS,B0T 1E0,902 682 3500,NQCS@SSRSB.CA,58,400008265
471,FELIX MARCHAND EDUCATION CENTRE,PO BOX 767380 MAIN ST LOUISDALE NS,B0E 1V0,9023452560,TANYA.SAMPSON@SRSB.CA,52,41400032
471,RANKIN SCHOOL OF THE NARROWS,PO BOX 767380 HIGHWAY 320 LOUISDALE NS,B0E 1V0,902 345 2560,TANYA.SAMPSON@SRSB.CA,52,41400032
484,EAST RICHMOND EDUCATION CENTRE,PO BOX 2199359 PEPPERELL ST ST. PETER'S NS,B0E 3B0,9025352066,TANYA.CARTER@SRSB.CA,52,#N/A
497,CARLETON CONSOLIDATED SCHOOL ,4014 HWY 340 CARLETON NS,B5A 5P8,9027614200,CCES@TCRSB.CA,59,216900017
497,HEBBVILLE ACADEMY,4014 HWY 3404014 HIGHWAY 340 CARLETON NS,B5A 5P8,902 761 4200,CCES@TCRSB.CA,59,216900017
498,PORT MAITLAND CONSOLIDATED SCHOOL,PO BOX 703072 HWY 1 PORT MAITLAND NS,B5A 5T3,9026494400,PMCES@TCRSB.CA,59,216000021
498,ECOLE SAINT-ALBERT,PO BOX 703072 HIGHWAY 1 PORT MAITLAND NS,B5A 5T3,902 649 4400,PMCES@TCRSB.CA,59,216000021
500,HANTS EAST RURAL HIGH SCHOOL,PO BOX 13010177 HIGHWAY 3 ARCADIA NS,B0W 1B0,902 749 2870,ACES@TCRSB.CA,59,219100044
507,TATAMAGOUCHE ELEMENTARY SCHOOL,PO BOX 3087 PARK ST BRIDGETOWN NS,B0S 1C0,902 665 5430,BRES@AVRSB.CA,55,198500084
508,BRIDGEWATER JUNIOR SENIOR HIGH SCHOOL,100 YORK ST BRIDGEWATER NS,B4V 1R3,9025418260,BJHS@SSRSB.CA,58,239900538
508,BICENTENNIAL SCHOOL,100 YORK ST100 YORK ST BRIDGEWATER NS,B4V 1R3,902 541 8260,BJSHS@SSRSB.CA,58,239900538
509,BRIDGEWATER ELEMENTARY SCHOOL ,130 YORK ST BRIDGEWATER NS,B4V 1R3,9025418240,BES@SSRSB.CA,58,239900538
509,HAWTHORN ELEMENTARY SCHOOL,130 YORK ST130 YORK ST BRIDGEWATER NS,B4V 1R3,902 541 8240,BES@SSRSB.CA,58,239900538
511,CLARK'S HARBOUR ELEMENTARY SCHOOL,PO BOX 13029 SCHOOL ST CLARK'S HARBOUR NS,B0W 1P0,9027453710,CHES@TCRSB.CA,59,160400029
511,JOHN MARTIN JUNIOR HIGH SCHOOL,PO BOX 13029 SCHOOL ST CLARK'S HARBOUR NS,B0W 1P0,902 745 3710,CHES@TCRSB.CA,59,160400029
512,ADMIRAL WESTPHAL ELEMENTARY SCHOOL,6 FOURTH ST DARTMOUTH NS,B2X 3A5,9024358305,AWES@HRSB.NS.CA,54,319301535
512,EAST PICTOU MIDDLE SCHOOL,6 FOURTH ST6 FOURTH ST DARTMOUTH NS,B2X 3A5,902 435 8305,AWES@HRSB.NS.CA,54,319301535
513,ALDERNEY ELEMENTARY SCHOOL ,2 PENHORN DR DARTMOUTH NS,B2Y 3K1,9024642040,ALDERNEY@HRSB.NS.CA,54,319301535
514,BEL AYR ELEMENTARY SCHOOL ,4 BELL ST DARTMOUTH NS,B2W 2P3,9024358353,BELAYR@HRSB.NS.CA,54,319301535
514,NORTH COLCHESTER HIGH SCHOOL,4 BELL ST4 BELL ST DARTMOUTH NS,B2W 2P3,902 435 8353,BELAYR@HRSB.NS.CA,54,319301535
515,BICENTENNIAL SCHOOL ,85 VICTORIA RD DARTMOUTH NS,B3A 1T9,9024642094,BICENT@HRSB.NS.CA,54,319301535
516,CALEDONIA JUNIOR HIGH SCHOOL ,38 CALEDONIA RD DARTMOUTH NS,B2X 1K8,9024358413,CJHS@HRSB.NS.CA,54,319301535
517,CRICHTON PARK ELEMENTARY SCHOOL,49 LYNGBY AVE DARTMOUTH NS,B3A 3V1,9024642503,CRICHTON@HRSB.NS.CA,54,319301535
518,DARTMOUTH HIGH SCHOOL ,95 VICTORIA RD DARTMOUTH NS,B3A 1V2,9024642457,DHS@HRSB.NS.CA,54,319301535
519,BROOKHOUSE ELEMENTARY SCHOOL ,15 CHRISTOPHER AVE DARTMOUTH NS,B2W 3G2,9024358318,BES@HRSB.NS.CA,54,319301535
519,DR. JOHN C. WICKWIRE ACADEMY,15 CHRISTOPHER AVE15 CHRISTOPHER AVE DARTMOUTH NS,B2W 3G2,902 435 8318,BES@HRSB.NS.CA,54,319301535
521,HARBOUR VIEW ELEMENTARY SCHOOL ,25 ALFRED ST DARTMOUTH NS,B3A 4E8,9024642051,HVES@HRSB.NS.CA,54,319301535
522,HAWTHORN ELEMENTARY SCHOOL ,10 HAWTHORNE ST DARTMOUTH NS,B2Y 2Y3,9024642048,HAWTHORN@HRSB.NS.CA,54,319301535
523,IAN FORSYTH ELEMENTARY SCHOOL ,22 GLENCOE DR DARTMOUTH NS,B2X 1J1,9024358435,IFES@HRSB.NS.CA,54,319301535
524,JOHN MARTIN JUNIOR HIGH SCHOOL ,7 BRULE ST DARTMOUTH NS,B3A 4G2,9024642408,JMJH@HRSB.NS.CA,54,319301535
524,L. E. SHAW ELEMENTARY SCHOOL,7 BRULE ST7 BRULE ST DARTMOUTH NS,B3A 4G2,902 464 2408,JMJH@HRSB.NS.CA,54,319301535
526,MICHAEL WALLACE ELEMENTARY SCHOOL,24 ANDOVER ST DARTMOUTH NS,B2X 2L9,9024358357,MWES@HRSB.NS.CA,54,319301535
527,MOUNT EDWARD ELEMENTARY SCHOOL ,3 WINDWARD AVE DARTMOUTH NS,B2W 2G9,9024358459,MEES@HRSB.NS.CA,54,319301535
527,CYRUS EATON ELEMENTARY SCHOOL,3 WINDWARD AVE3 WINDWARD AVE DARTMOUTH NS,B2W 2G9,902 435 8459,MEES@HRSB.NS.CA,54,319301535
533,PRINCE ANDREW HIGH SCHOOL ,31 WOODLAWN RD DARTMOUTH NS,B2W 2R7,9024358452,PAH@HRSB.NS.CA,54,319301535
534,SHANNON PARK ELEMENTARY SCHOOL ,75 IROQUOIS DR DARTMOUTH NS,B3A 4M5,9024642084,SPES@HRSB.NS.CA,54,319301535
535,SOUTH WOODSIDE SCHOOL ,5 EVERETTE ST DARTMOUTH NS,B2W 1G2,9024642090,SWES@HRSB.NS.CA,54,319301535
538,ELLENVALE JUNIOR HIGH SCHOOL ,88 BELLE VISTA DR DARTMOUTH NS,B2W 2X7,9024358420,EJHS@HRSB.NS.CA,54,319301535
539,JOHN MACNEIL ELEMENTARY SCHOOL ,62 LEAMAN DR DARTMOUTH NS,B3A 2K9,9024642488,JMES@HRSB.NS.CA,54,319301535
541,DIGBY ELEMENTARY SCHOOL ,PO BOX 153820 SHREVE ST DIGBY NS,B0V 1A0,9022457550,DES@TCRSB.CA,59,297000101
541,SHANNON PARK ELEMENTARY SCHOOL,PO BOX 153820 SHREVE ST DIGBY NS,B0V 1A0,902 245 7550,DES@TCRSB.CA,59,297000101
545,TRENTON MIDDLE SCHOOL,102 KINGS RD102 KINGS RD DOMINION NS,B0A 1E0,902 849 2046,MACDONALD_EL@STAFF.EDNET.NS.CA,51,66700015
549,JOHN BERNARD CROAK V. C. MEMORIAL SCHOOL,10 SECOND ST GLACE BAY NS,B1A 5Z4,9028492003,RMULLER@GNSPES.CA,51,68500117
549,WINDSOR ADULT HIGH SCHOOL,10 SECOND ST10 SECOND ST GLACE BAY NS,B1A 5Z4,902 849 2003,JBC@STAFF.EDNET.NS.CA,51,68500117
551,HIGHBURY EDUCATION CENTRE,1260 MAIN ST1260 MAIN ST GLACE BAY NS,B1A 5A5,902 842 2285,BPORT@STAFF.EDNET.NS.CA,51,68500117
561,ST. ANNE'S ELEMENTARY SCHOOL ,30 OFFICIAL ROW GLACE BAY NS,B1A 2W9,9028495661,TETTINGER@GNSPES.CA,51,68500117
561,DWIGHT ROSS SCHOOL,30 OFFICIAL ROW30 OFFICIAL ROW GLACE BAY NS,B1A 2W9,902 849 5661,STANNE@STAFF.EDNET.NS.CA,51,68500117
564,ERIC GRAVES MEMORIAL JUNIOR HIGH SCHOOL,70 DOROTHEA DR DARTMOUTH NS,B2W 4M3,9024358325,EGMJH@HRSB.NS.CA,54,319301535
567,HALIFAX CENTRAL JUNIOR HIGH SCHOOL,1787 PRESTON ST HALIFAX NS,B3H 3V7,9024216777,CENTRAL@HRSB.NS.CA,54,319802464
567,RIVERSIDE EDUCATION CENTRE,1787 PRESTON ST1787 PRESTON ST HALIFAX NS,B3H 3V7,902 421 6777,CENTRAL@HRSB.NS.CA,54,319802464
568,GORSEBROOK JUNIOR HIGH SCHOOL ,5966 SOUTH ST HALIFAX NS,B3H 1S6,9024216758,GJH@HRSB.NS.CA,54,319802464
568,OCEANVIEW EDUCATION CENTRE,5966 SOUTH ST5966 SOUTH ST HALIFAX NS,B3H 1S6,902 421 6758,GJH@HRSB.NS.CA,54,319802464
569,JOSEPH HOWE ELEMENTARY SCHOOL ,2557 MAYNARD ST HALIFAX NS,B3K 3V6,9024216785,JHOWE@HRSB.NS.CA,54,319802464
571,HIGHLAND PARK JUNIOR HIGH SCHOOL,3479 ROBIE ST HALIFAX NS,B3K 4S4,9024935124,HPJH@HRSB.NS.CA,54,319802464
572,OXFORD SCHOOL ,6364 NORTH ST HALIFAX NS,B3L 1P6,9024216763,OXFORD@HRSB.NS.CA,54,319802464
575,ST. AGNES JUNIOR HIGH SCHOOL ,6981 MUMFORD RD HALIFAX NS,B3L 2H7,9024935132,STAGNES@HRSB.NS.CA,54,319802464
577,ST. CATHERINE'S ELEMENTARY SCHOOL,3299 CONNOLLY ST HALIFAX NS,B3L 3P7,9024935143,STCATH@HRSB.NS.CA,54,319802464
578,FAIRVIEW JUNIOR HIGH SCHOOL ,155 ROSEDALE AVE HALIFAX NS,B3N 2K2,9024578960,FVJH@HRSB.NS.CA,54,319802464
579,INGLIS STREET ELEMENTARY SCHOOL,5985 INGLIS ST HALIFAX NS,B3H 1K7,9024216767,ISES@HRSB.NS.CA,54,319802464
580,ST. JOSEPH'S-ALEXANDER MCKAY ELEMENTARY SCHOOL,5389 RUSSELL ST HALIFAX NS,B3K 1W8,9024935180,SJAM@HRSB.NS.CA,54,319802464
581,SAINT MARY'S ELEMENTARY SCHOOL ,5614 MORRIS ST HALIFAX NS,B3J 1C2,9024216749,STMARYS@HRSB.NS.CA,54,319802464
581,ECOLE ACADIENNE DE POMQUET,5614 MORRIS ST5614 MORRIS ST HALIFAX NS,B3J 1C2,902 421 6749,STMARYS@HRSB.NS.CA,54,319802464
586,ST. STEPHEN'S ELEMENTARY SCHOOL,3669 HIGHLAND AVE HALIFAX NS,B3K 4L9,9024935155,SSES@HRSB.NS.CA,54,319802464
587,LEMARCHANT-ST. THOMAS ELEMENTARY SCHOOL,1589 WALNUT ST HALIFAX NS,B3H 3S1,9024216769,LMSTS@HRSB.NS.CA,54,319802464
587,RIDGECLIFF MIDDLE SCHOOL,6141 WATT ST6141 WATT ST HALIFAX NS,B3H 2B7,902 421 6769,LMSTS@HRSB.NS.CA,54,319802464
589,SIR CHARLES TUPPER SCHOOL ,1930 CAMBRIDGE ST HALIFAX NS,B3H 4S5,9024216775,TUPPER@HRSB.NS.CA,54,319802464
589,NORTH NOVA EDUCATION CENTRE,1930 CAMBRIDGE ST1930 CAMBRIDGE ST HALIFAX NS,B3H 4S5,902 421 6775,TUPPER@HRSB.NS.CA,54,319802464
591,WESTMOUNT ELEMENTARY SCHOOL ,6700 EDWARD ARAB AVE HALIFAX NS,B3L 2E1,9024935164,WMOUNT@HRSB.NS.CA,54,319802464
592,HALIFAX WEST HIGH SCHOOL ,283 THOMAS RADDALL DR HALIFAX NS,B3S 1R1,9024578900,HWHS@HRSB.NS.CA,54,319802464
593,SPRINGVALE ELEMENTARY SCHOOL ,92 DOWNS AVE HALIFAX NS,B3N 1Y6,9024794606,SPRVALE@HRSB.NS.CA,54,319802464
595,BURTON ETTINGER ELEMENTARY SCHOOL,52 ALEX ST HALIFAX NS,B3N 2W4,9024578922,BEES@HRSB.NS.CA,54,319802464
596,CHEBUCTO HEIGHTS ELEMENTARY SCHOOL,230 COWIE HILL RD HALIFAX NS,B3P 2M3,9024794298,CHES@HRSB.NS.CA,54,319802464
599,FAIRVIEW HEIGHTS ELEMENTARY SCHOOL,210 CORONATION AVE HALIFAX NS,B3N 2N3,9024578953,FHES@HRSB.NS.CA,54,319802464
600,CLAYTON PARK JUNIOR HIGH SCHOOL,45 PLATEAU CRES HALIFAX NS,B3M 2V7,9024578930,CPJH@HRSB.NS.CA,54,319802464
601,DUC D'ANVILLE ELEMENTARY SCHOOL,12 CLAYTON PARK DR HALIFAX NS,B3M 1L3,9024578940,DDES@HRSB.NS.CA,54,319802464
602,GROSVENOR-WENTWORTH PARK ELEMENTARY SCHOOL,4 DOWNING ST HALIFAX NS,B3M 2G4,9024578422,GWP@HRSB.NS.CA,54,319802464
603,ROCKINGHAM ELEMENTARY SCHOOL ,31 TREMONT DR HALIFAX NS,B3M 1X8,9024578986,ROCKINGHAM@HRSB.NS.CA,54,319802464
603,SOUTHDALE-NORTH WOODSIDE SCHOOL,31 TREMONT DR31 TREMONT DR HALIFAX NS,B3M 1X8,902 457 8986,ROCKINGHAM@HRSB.NS.CA,54,319802464
605,CUNARD JUNIOR HIGH SCHOOL ,121 WILLIAMS LAKE RD HALIFAX NS,B3P 1T6,9024794418,CUNARD@HRSB.NS.CA,54,319802464
607,JOHN W. MACLEOD-FLEMING TOWER ELEMENTARY SCHOOL,159 PURCELL'S COVE RD HALIFAX NS,B3P 1B7,9024794437,JWM@HRSB.NS.CA,54,319802464
609,ROCKINGSTONE HEIGHTS SCHOOL,1 REGAN DR HALIFAX NS,B3R 2J1,9024794452,RHES@HRSB.NS.CA,54,319802464
611,CENTRAL SPRYFIELD SCHOOL ,364 HERRING COVE RD HALIFAX NS,B3R 1V8,9024794286,CSES@HRSB.NS.CA,54,319802464
614,ELIZABETH SUTHERLAND SCHOOL ,66 ROCKINGSTONE RD HALIFAX NS,B3R 2C9,9024794427,ESS@HRSB.NS.CA,54,319802464
619,J. L. ILSLEY HIGH SCHOOL ,38 SYLVIA AVE HALIFAX NS,B3R 1J9,9024794612,JLI@HRSB.NS.CA,54,319802464
624,LOCKEPORT ELEMENTARY SCHOOL ,PO BOX 28073 BEECH ST LOCKEPORT NS,B0T 1L0,9026567100,LES@TCRSB.CA,59,156000037
624,ECOLE WEDGEPORT,PO BOX 28073 BEECH ST LOCKEPORT NS,B0T 1L0,902 656 7100,LES@TCRSB.CA,59,156000037
626,NORTH QUEENS COMMUNITY SCHOOL,21 KENT ST21 KENT ST LOUISBOURG NS,B1C 1E9,902 733 2515,GDLEWIS@STAFF.EDNET.NS.CA,51,72300045
631,MULGRAVE MEMORIAL EDUCATION CENTRE,PO BOX 248459 MURRAY ST MULGRAVE NS,B0E 2G0,9027472710,SCOTT.GOYETCHE@SRSB.CA,52,111200062
631,SOUTH QUEENS MIDDLE SCHOOL,PO BOX 248459 MURRAY ST MULGRAVE NS,B0E 2G0,902 747 2710,SONYA.SAUVE@SRSB.CA,52,111200062
639,A.G. BAILLIE MEMORIAL SCHOOL ,477 VICTORIA AVE EXT NEW GLASGOW NS,B2H 1X1,9027558240,BOUDREAUND@CCRSB.CA,53,87500106
639,DEBERT ELEMENTARY SCHOOL,477 VICTORIA AVE EXT477 VICTORIA AVE NEW GLASGOW NS,B2H 1X1,902 755 8240,BOUDREAUND@CCRSB.CA,53,87500106
640,BRETON EDUCATION CENTRE ,667 EIGHTH ST NEW WATERFORD NS,B1H 3T4,9028626432,DAUCOIN@GNSPES.CA,51,66400358
640,STRAIT AREA EDUCATION/RECREATION CENTRE,667 EIGHTH ST667 EIGHTH ST NEW WATERFORD NS,B1H 3T4,902 862 6432,BEC@STAFF.EDNET.NS.CA,51,66400358
643,ECOLE NDA,3237 NICHOLSON AVE3237 NICHOLSON AVE NEW WATERFORD NS,B1H 1N9,902 862 7127,MOUNTCARMEL@STAFF.EDNET.NS.CA,51,66400358
644,A.G. BAILLIE MEMORIAL SCHOOL,319 JAMES ST377 JAMES ST NEW WATERFORD NS,B1H 2X9,902 862 7109,SAINTAGNES@STAFF.EDNET.NS.CA,51,66400358
646,SHERWOOD PARK EDUCATION CENTRE ,500 TERRACE ST SYDNEY NS,B1P 6N1,9025637732,GARTLAND@GNSPES.CA,51,68200167
646,HILLCREST ACADEMY,500 TERRACE ST500 TERRACE ST SYDNEY NS,B1P 6N1,902 563 7732,SPEC@STAFF.EDNET.NS.CA,51,68200167
649,PARRSBORO REGIONAL ELEMENTARY SCHOOL,PO BOX 63143 SCHOOL ST PARRSBORO NS,B0M 1S0,9022545605,COLLINSONN@CCRSB.CA,53,2500093
649,SCOTSBURN ELEMENTARY SCHOOL,43 SCHOOL ST43 SCHOOL ST PARRSBORO NS,B0M 1S0,902 254 5605,STEVENSONS@CCRSB.CA,53,2500093
650,PICTOU ACADEMY ,PO BOX 699200 LOUISE ST PICTOU NS,B0K 1H0,9024857200,MACDONALDB@CCRSB.CA,53,83500037
650,HORTON HIGH SCHOOL,PO BOX 69988 PATTERSON ST PICTOU NS,B0K 1H0,902 485 7200,MACDONALDB@CCRSB.CA,53,83500037
655,STRAIT AREA EDUCATION/ RECREATION CENTRE,304 PITT ST UNIT 1 PORT HAWKESBURY NS,B9A 2T9,9026251929,ROB.ALLEN@SRSB.CA,52,35300097
655,COBEQUID EDUCATIONAL CENTRE,304 PITT ST UNIT 1304 PITT ST PORT HAWKESBURY NS,B9A 2T9,902 625 1929,SHAUN.MACDONALD@SRSB.CA,52,35300097
658,SPRINGHILL JUNIOR-SENIOR HIGH SCHOOL,PO BOX 106084 CHURCH ST SPRINGHILL NS,B0M 1X0,9025974250,CONRONB@CCRSB.CA,53,7400016
658,CABOT SECONDARY SCHOOL,PO BOX 106084 CHURCH ST SPRINGHILL NS,B0M 1X0,902 597 4250,CONRONB@CCRSB.CA,53,7400016
661,JUNCTION ROAD ELEMENTARY SCHOOL,PO BOX 213919 JUNCTION RD SPRINGHILL NS,B0M 1X0,9025974240,MADDISONALICKS@CCRSB.CA,53,7400016
661,GLACE BAY ELEMENTARY SCHOOL,PO BOX 213919 JUNCTION RD SPRINGHILL NS,B0M 1X0,902 597 4240,MADDISONALICKS@CCRSB.CA,53,7400016
662,WEST END MEMORIAL SCHOOL ,PO BOX 213977 MCGEE ST SPRINGHILL NS,B0M 1X0,9025974242,HOARP@CCRSB.CA,53,7400016
662,PICTOU ACADEMY/DR. THOMAS MCCULLOCH SCHOOL,77 MCGEE ST77 MCGEE ST SPRINGHILL NS,B0M 1X0,902 597 4242,MADDISONALICKS@CCRSB.CA,53,7400016
665,G.R. SAUNDERS ELEMENTARY SCHOOL,PO BOX 103071 BRIDGE AVE STELLARTON NS,B0K 1S0,9027558230,GREENF@CCRSB.CA,53,89200051
665,GLOOSCAP ELEMENTARY SCHOOL,PO BOX 103071 BRIDGE AVE STELLARTON NS,B0K 1S0,902 755 8230,MACISAACB@CCRSB.CA,53,89200051
667,WHITNEY PIER MEMORIAL MIDDLE SCHOOL,199 JAMIESON ST WHITNEY PIER NS,B1N 2P7,9025626130,DMACDONALD1@GNSPES.CA,51,68200185
667,CHEDABUCTO EDUCATION CENTRE/GUYSBOROUGH ACADEMY,199 JAMIESON ST199 JAMESON ST WHITNEY PIER NS,B1N 2P7,902 562 6130,WPMJHS@STAFF.EDNET.NS.CA,51,68200185
688,SYDNEY ACADEMY ,49 TERRACE ST SYDNEY NS,B1P 2L4,9025625464,KDEVEAUX@GNSPES.CA,51,68200167
688,FANNING EDUCATION CENTRE/CANSO ACADEMY,49 TERRACE ST49 TERRACE ST SYDNEY NS,B1P 2L4,902 562 5464,SYDACADEMY@STAFF.EDNET.NS.CA,51,68200167
690,TRENTON MIDDLE SCHOOL ,PO BOX 1037 DICKIE ST TRENTON NS,B0K 1X0,9027558440,MACDONALDOS@CCRSB.CA,53,87400101
690,SETON ELEMENTARY SCHOOL,PO BOX 1037 DICKIE ST TRENTON NS,B0K 1X0,902 755 8440,MACDONALDOS@CCRSB.CA,53,87400101
692,TRENTON ELEMENTARY SCHOOL ,1 SIXTH ST TRENTON NS,B0K 1X0,9027558460,WASHBURNMD@CCRSB.CA,53,87400101
692,FALMOUTH DISTRICT SCHOOL,1 SIXTH ST10 SIXTH ST TRENTON NS,B0K 1X0,902 755 8460,WASHBURNMD@CCRSB.CA,53,87400101
699,WINDSOR ELEMENTARY SCHOOL ,PO BOX 1057100 TREMAIN CRES WINDSOR NS,B0N 2T0,9027926770,WES@AVRSB.CA,55,184000005
699,SIR CHARLES TUPPER SCHOOL,PO BOX 1057100 TREMAIN CRES WINDSOR NS,B0N 2T0,902 792 6770,WES@AVRSB.CA,55,184000005
703,JOHN MACNEIL ELEMENTARY SCHOOL,20 FORBES ST20 FORBES ST YARMOUTH NS,B5A 1W8,902 749 5150,SCES@TCRSB.CA,59,400005552
704,YARMOUTH CENTRAL SCHOOL ,53 PARADE ST YARMOUTH NS,B5A 3B1,9027492860,YCES@TCRSB.CA,59,400005552
704,SMOKEY DRIVE ELEMENTARY SCHOOL,53 PARADE ST53 PARADE ST YARMOUTH NS,B5A 3B1,902 749 2860,YCES@TCRSB.CA,59,400005552
705,AMHERST REGIONAL HIGH SCHOOL ,190 WILLOW ST AMHERST NS,B4H 3W5,9026612540,STUBBERTA@CCRSB.CA,53,16600445
705,ROBIN FOOTE ELEMENTARY SCHOOL,190 WILLOW ST190 WILLOW ST AMHERST NS,B4H 3W5,902 661 2540,STUBBERTA@CCRSB.CA,53,16600445
707,DR. JOHN HUGH GILLIS REGIONAL HIGH SCHOOL,105 BRAEMORE AVE ANTIGONISH NS,B2G 1L3,9028631620,WANDA.FOUGERE@SRSB.CA,52,123900236
707,TRURO ELEMENTARY SCHOOL,105 BRAEMORE AVE105 BRAEMORE AVE ANTIGONISH NS,B2G 1L3,902 863 1620,WANDA.FOUGERE@SRSB.CA,52,123900236
708,NEW GERMANY ELEMENTARY SCHOOL,PO BOX 40456 GRANVILLE ST BRIDGETOWN NS,B0S 1C0,902 665 5400,BRHS@AVRSB.CA,55,198500084
709,DIGBY REGIONAL HIGH SCHOOL ,PO BOX 1660107 KING ST DIGBY NS,B0V 1A0,9022457500,DRHS@TCRSB.CA,59,297000101
709,ECOLE DU CARREFOUR,PO BOX 1660107 KING ST DIGBY NS,B0V 1A0,902 245 7500,DRHS@TCRSB.CA,59,297000101
710,LIVERPOOL REGIONAL HIGH SCHOOL ,PO BOX 1266104 COLLEGE ST LIVERPOOL NS,B0T 1K0,9023547600,LRHS@SSRSB.CA,58,171800132
710,OCEAN VIEW ELEMENTARY SCHOOL,PO BOX 1266104 COLLEGE ST LIVERPOOL NS,B0T 1K0,902 354 7600,LRHS@SSRSB.CA,58,171800132
711,LOCKEPORT REGIONAL HIGH SCHOOL ,PO BOX 12910 LOCKE ST LOCKEPORT NS,B0T 1L0,9026567110,LHS@TCRSB.CA,59,156000037
712,MIDDLETON REGIONAL HIGH SCHOOL,18 GATES AVE MIDDLETON NS,B0S 1P0,9028255350,MRHS@AVRSB.CA,55,200000035
712,GORSEBROOK JUNIOR HIGH SCHOOL,18 GATES AVE18 GATES AVE MIDDLETON NS,B0S 1P0,902 825 5350,MRHS@AVRSB.CA,55,200000035
715,PARRSBORO REGIONAL HIGH SCHOOL ,PO BOX 370109 KING ST PARRSBORO NS,B0M 1S0,9022545600,SPENCED@CCRSB.CA,53,2500093
715,OLDFIELD CONSOLIDATED SCHOOL,PO BOX 370109 KING ST PARRSBORO NS,B0M 1S0,902 254 5600,STEVENSONS@CCRSB.CA,53,2500093
716,SHELBURNE REGIONAL HIGH SCHOOL ,PO BOX 10415 WOODLAWN DR SHELBURNE NS,B0T 1W0,9028754900,SRHS@TCRSB.CA,59,154200082
731,GEORGE BISSETT ELEMENTARY SCHOOL,170 ARKLOW DR DARTMOUTH NS,B2W 4R6,9024645184,GBES@HRSB.NS.CA,54,319301535
732,COLDBROOK AND DISTRICT SCHOOL ,2305 ENGLISH MOUNTAIN RD COLDBROOK NS,B4R 1B6,9026903830,CBDS@AVRSB.CA,55,182100137
732,VALLEY ELEMENTARY SCHOOL,2305 ENGLISH MOUNTAIN RD2305 ENGLISH MOUNTAIN RD COLDBROOK NS,B4R 1B6,902 690 3830,CBDS@AVRSB.CA,55,182100137
733,EVELYN RICHARDSON MEMORIAL ELEMENTARY SCHOOL,PO BOX 1605961 HWY 3 SHAG HARBOUR NS,B0W 3B0,9027233800,ERMES@TCRSB.CA,59,400046381
733,OYSTER POND ACADEMY,PO BOX 1605961 HIGHWAY 3 SHAG HARBOUR NS,B0W 3B0,902 723 3800,ERMES@TCRSB.CA,59,400046381
739,ASTRAL DRIVE ELEMENTARY SCHOOL ,236 ASTRAL DR DARTMOUTH NS,B2V 1B8,9024628500,ADE@HRSB.NS.CA,54,319301535
740,HAROLD T. BARRETT JUNIOR HIGH SCHOOL,862 BEAVER BANK RD BEAVER BANK NS,B4G 1A9,9028647500,HTBAR@HRSB.NS.CA,54,306500135
743,CAVALIER DRIVE SCHOOL ,116 CAVALIER DR LOWER SACKVILLE NS,B4C 3L9,9028647524,CDS@HRSB.NS.CA,54,306400289
743,GLACE BAY HIGH SCHOOL,116 CAVALIER DR116 CAVALIER DR LOWER SACKVILLE NS,B4C 3L9,902 864 7524,CDS@HRSB.NS.CA,54,306400289
744,ECOLE BELLEVILLE ,CP 25484 RUE BELLEVILLE RR 3 TUSKET N.-E.,B0W 3M0,9026485920,EBLV@CSAP.CA,57,223600046
744,IAN FORSYTH ELEMENTARY SCHOOL,CP 25484 BELLEVILLE RD TUSKET N.-E.,B0W 3M0,902 648 5920,EBLV@CSAP.CA,57,223600046
745,MILLWOOD HIGH SCHOOL ,141 MILLWOOD DR MIDDLE SACKVILLE NS,B4E 0A1,9028647535,MWHS@HRSB.NS.CA,54,306400380
745,ECOLE SECONDAIRE DU SOMMET,141 MILLWOOD DR141 MILLWOOD DR MIDDLE SACKVILLE NS,B4E 0A1,902 864 7535,MWHS@HRSB.NS.CA,54,306400380
746,ANNAPOLIS EAST ELEMENTARY SCHOOL,PO BOX 640325 MARSHALL ST MIDDLETON NS,B0S 1P0,9028255330,AEES@AVRSB.CA,55,200000035
746,BIBLE HILL JUNIOR HIGH SCHOOL,PO BOX 640325 MARSHALL ST MIDDLETON NS,B0S 1P0,902 825 5330,AEES@AVRSB.CA,55,200000035
747,HOLLAND ROAD ELEMENTARY SCHOOL ,181 HOLLAND RD FLETCHERS LAKE NS,B2T 1A1,9028604170,HRES@HRSB.NS.CA,54,307100015
748,MILLWOOD ELEMENTARY SCHOOL ,190 BEAVER BANK CROSS RD LOWER SACKVILLE NS,B4E 1K5,9028647510,MES@HRSB.NS.CA,54,306400289
748,BRAS D'OR ELEMENTARY SCHOOL,190 BEAVER BANK CROSS RD190 BEAVER BANK CROSS RD LOWER SACKVILLE NS,B4E 1K5,902 864 7510,MES@HRSB.NS.CA,54,306400289
749,ASTRAL DRIVE JUNIOR HIGH SCHOOL,238 ASTRAL DR DARTMOUTH NS,B2V 1B8,9024628700,ADJH@HRSB.NS.CA,54,319301535
750,E. B. CHANDLER JUNIOR HIGH SCHOOL,PO BOX 79028 DICKEY ST AMHERST NS,B4H 4B9,9026612450,BEEDS@CCRSB.CA,53,16600445
752,BEAVER BANK MONARCH DRIVE ELEMENTARY SCHOOL,38 MONARCH DR BEAVER BANK NS,B4E 3A5,9028647540,BBMON@HRSB.NS.CA,54,306500135
753,EVANGELINE MIDDLE SCHOOL ,9387 COMMERCIAL ST NEW MINAS NS,B4N 3G3,9026814910,EMS@AVRSB.CA,55,184800124
916,REDCLIFF MIDDLE SCHOOL ,33 SUNSET LANE VALLEY NS,B6L 4K1,9028965520,KENNEDYAJ@CCRSB.CA,53,266100120
916,RIVERSIDE ELEMENTARY SCHOOL,33 SUNSET LANE33 SUNSET LANE VALLEY NS,B6L 4K1,902 896 5520,KENNEDYAJ@CCRSB.CA,53,266100120
917,HEBBVILLE ACADEMY ,16147 HWY 3 HEBBVILLE NS,B4V 6Y1,9025418280,HA@SSRSB.CA,58,400003899
917,AMHERST REGIONAL HIGH SCHOOL,16147 HWY 316147 HIGHWAY 3 HEBBVILLE NS,B4V 6Y1,902 541 8280,HA@SSRSB.CA,58,400003899
923,RIVERSIDE EDUCATION CENTRE ,6 RIVERSIDE DR MILFORD NS,B0N 1Y0,9027584660,GATTOSC@CCRSB.CA,53,137300107
925,ASPOTOGAN CONSOLIDATED ELEMENTARY SCHOOL,105 PARKWOOD DR MILL COVE NS,B0J 1T0,9028572600,ACES@SSRSB.CA,58,400017481
926,BAYVIEW COMMUNITY SCHOOL ,PO BOX 160110 CLEARWAY ST MAHONE BAY NS,B0J 2E0,9026242120,BCS@SSRSB.CA,58,236700084
926,HALIFAX WEST HIGH SCHOOL,PO BOX 160110 CLEARWAY ST MAHONE BAY NS,B0J 2E0,902 624 2120,BCS@SSRSB.CA,58,236700084
927,FOREST RIDGE ACADEMY ,PO BOX 12859 FOREST VIEW DR BARRINGTON NS,B0W 1E0,9026374340,FRA@TCRSB.CA,59,400035904
928,MEADOWFIELDS COMMUNITY SCHOOL ,106 PROSPECT ST YARMOUTH NS,B5A 4J2,9027492880,MCS@TCRSB.CA,59,400005552
928,ECOLE BELLEVILLE,106 PROSPECT ST106 PROSPECT ST YARMOUTH NS,B5A 4J2,902 749 2880,MCS@TCRSB.CA,59,400005552
930,DALBRAE ACADEMY ,PO BOX 22011156 HWY 19 SW MABOU NS,B0E 1X0,9029455325,ANNC.WHALLEY@SRSB.CA,52,27700001
930,CARLETON CONSOLIDATED SCHOOL,PO BOX 22011156 HIGHWAY 19 MABOU NS,B0E 1X0,902 945 5325,KEVIN.WALKER@SRSB.CA,52,27700001
931,RICHMOND EDUCATION CENTRE/ ACADEMY,PO BOX 5993238 WHITESIDE RD LOUISDALE NS,B0E 1V0,9023454949,LOIS.LANDRY@SRSB.CA,52,41400032
931,HANTSPORT SCHOOL,PO BOX 5993238 WHITESIDE RD LOUISDALE NS,B0E 1V0,902 345 4949,LOIS.LANDRY@SRSB.CA,52,41400032
932,BAYVIEW EDUCATION CENTRE ,PO BOX 148133 COMPANY RD PORT HOOD NS,B0E 2W0,9027875220,MELANIEM.MACDONALD@SRSB.CA,52,28200040
932,INVERNESS EDUCATION CENTRE/ACADEMY,PO BOX 148133 COMPANY RD PORT HOOD NS,B0E 2W0,902 787 5220,MELANIE.MACDONALD@SRSB.CA,52,28200040
934,ANTIGONISH EDUCATION CENTRE,30 APPLESEED DR ANTIGONISH NS,B2G 3B6,9028678800,APRIL.WEAVER@SRSB.CA,52,123900236
936,TAMARAC EDUCATION CENTRE ,57 TAMARAC DR PORT HAWKESBURY NS,B9A 3G2,9026256650,SUZANNE.DELANEY@SRSB.CA,52,35300097
937,BEDFORD SOUTH SCHOOL ,2 OCEANVIEW DR BEDFORD NS,B4A 4J6,9028325800,BEDFORDS@HRSB.NS.CA,54,400041681
938,RIDGECLIFF MIDDLE SCHOOL ,35 BEECH TREE RUN BEECHVILLE NS,B3T 2E5,9028764381,RMS@HRSB.NS.CA,54,321600020
939,MADELINE SYMONDS MIDDLE SCHOOL ,290 WHITE HILLS RUN HAMMONDS PLAINS NS,B4B 1W6,9028322300,MSMS@HRSB.NS.CA,54,306100158
940,ST. MARGARET'S BAY ELEMENTARY SCHOOL,24 RIDGEWOOD DR HEAD ST. MARGARET'S BAY NS,B3Z 2H4,9028263300,SMBE@HRSB.NS.CA,54,#N/A
941,SEASIDE ELEMENTARY SCHOOL ,1881 CALDWELL RD EASTERN PASSAGE NS,B3G 1J3,9024657600,SEASIDE@HRSB.NS.CA,54,319500293
947,ECOLE BEAUBASSIN ,54 BOUL LARRY UTECK HALIFAX N.-E.,B3M 4R9,9024576810,EBB@CSAP.CA,57,319805294
947,GEORGE D. LEWIS SCHOOL,54 BLVD LARRY UTECK54 LARRY UTECK BLVD HALIFAX N.-E.,B3M 4R9,902 457 6810,EBB@CSAP.CA,57,319805294
948,ECOLE BOIS-JOLI ,211 AV DU PORTAGE DARTMOUTH N.-E.,B2X 3T4,9024337070,EBJ@CSAP.CA,57,319300278
949,MAPLE RIDGE ELEMENTARY SCHOOL ,1066 HWY 2 LANTZ NS,B2S 1M8,9028835361,ISENORR@CCRSB.CA,53,400011960
949,BROOKLAND ELEMENTARY SCHOOL,1066 HWY 21066 HIGHWAY 2 LANTZ NS,B2S 1M8,902 883 5361,MACKEILH@CCRSB.CA,53,400011960
960,JUBILEE ELEMENTARY SCHOOL ,755 MAIN ST SYDNEY MINES NS,B1V 2L4,9027363310,JACKH@GNSPES.CA,51,66100230
960,MEADOWFIELDS COMMUNITY SCHOOL,755 MAIN ST755 MAIN ST SYDNEY MINES NS,B1V 2L4,902 736 3310,JUBILEE@STAFF.EDNET.NS.CA,51,66100230
961,NORTH HIGHLANDS ELEMENTARY SCHOOL,1363 BAY ST. LAWRENCE RD ASPY BAY NS,B0C 1G0,9023832186,BARRYMAR@GNSPES.CA,51,400012702
961,MOUNT EDWARD ELEMENTARY SCHOOL,1363 BAY ST. LAWRENCE1363 BAY ST LAWRENCE RD ASPY BAY NS,B0C 1G0,902 383 2186,NHIGHLANDS@STAFF.EDNET.NS.CA,51,400012702
962,CAPE SMOKEY ELEMENTARY SCHOOL ,PO BOX 26939 BRANDON LANE INGONISH NS,B0C 1K0,9022852638,HARDYM2@GNSPES.CA,51,54200020
962,PINE RIDGE MIDDLE SCHOOL,PO BOX 26939 BRANDON LANE INGONISH NS,B0C 1K0,902 285 2638,CAPESMOKEY@STAFF.EDNET.NS.CA,51,54200020
963,GREENFIELD ELEMENTARY SCHOOL ,25 JAMES ST RIVER RYAN NS,B1H 1B8,9028624000,MORRISJ17@GNSPES.CA,51,#N/A
963,ST. MARY'S EDUCATION CENTRE/ACADEMY,25 JAMES ST25 JAMES ST NEW WATERFORD NS,B1H 1B8,902 862 4000,GREENFIELD@STAFF.EDNET.NS.CA,51,66400358
964,HARBOURSIDE ELEMENTARY SCHOOL ,15 CHURCH ST SYDNEY NS,B1N 2R3,9025634520,DBEATON@GNSPES.CA,51,68200167
964,LOCKEPORT ELEMENTARY SCHOOL,15 CHURCH ST15 CHURCH ST SYDNEY NS,B1N 2R3,902 563 4520,HARBOURSIDE@STAFF.EDNET.NS.CA,51,68200167
965,CHAMPLAIN ELEMENTARY SCHOOL ,PO BOX 130109 NORTH STREET GRANVILLE FERRY NS,B0S 1K0,9025323270,CES@AVRSB.CA,55,197900029
965,BIBLE HILL EAST COURT ROAD ELEMENTARY SCHOOL,PO BOX 130109 NORTH ST GRANVILLE FERRY NS,B0S 1K0,902 532 3270,CES@AVRSB.CA,55,197900029
966,PINE RIDGE MIDDLE SCHOOL ,625 PINE RIDGE AVE KINGSTON NS,B0P 1R0,9027657570,PRMS@AVRSB.CA,55,400049977
966,PORTERS LAKE ELEMENTARY SCHOOL,625 PINE RIDGE AVE625 PINE RIDGE AVE KINGSTON NS,B0P 1R0,902 765 7570,PRMS@AVRSB.CA,55,400049977
967,NORTHEAST KINGS EDUCATION CENTRE,1816 BAINS RD CANNING NS,B0P 1H0,9025822040,NKEC@AVRSB.CA,55,180400029
967,ROSS ROAD SCHOOL,1816 BAINS RD1816 BAINS RD CANNING NS,B0P 1H0,902 582 2040,NKEC@AVRSB.CA,55,180400029
968,LOCKVIEW HIGH SCHOOL ,148 LOCKVIEW RD FALL RIVER NS,B2T 1J1,9028606000,LHS@HRSB.NS.CA,54,350003945
969,PORTLAND ESTATES ELEMENTARY SCHOOL,45 PORTLAND HILLS DR DARTMOUTH NS,B2W 6L5,9024337100,PORTLAND@HRSB.NS.CA,54,319301535
970,PARK WEST SCHOOL ,206 LANGBRAE DR HALIFAX NS,B3S 1L5,9024577800,PARKWEST@HRSB.NS.CA,54,319802464
971,MCCULLOCH EDUCATION CENTRE ,PO BOX 1120350 WELLINGTON ST PICTOU NS,B0K 1H0,9024857991,MCNEILLFA@CCRSB.CA,53,83500037
971,DIGBY ELEMENTARY SCHOOL,350 WELLINGTON ST350 WELLINGTON ST PICTOU NS,B0K 1H0,902 485 7991,MACNEILLFA@CCRSB.CA,53,83500037
972,SHIPYARD ELEMENTARY SCHOOL ,30 MT KEMMEL ST SYDNEY NS,B1S 3V6,9025628878,BMELANSON@GNSPES.CA,51,68200167
972,MAPLE GROVE EDUCATION CENTRE,30 MT KEMMEL ST30 MT KEMMEL ST SYDNEY NS,B1S 3V6,902 562 8878,SHIPYARD@STAFF.EDNET.NS.CA,51,68200167
973,RIVERSIDE SCHOOL ,7430 HORNES RD ALBERT BRIDGE NS,B0A 1P0,9025634535,BROWNS5@GNSPES.CA,51,71100138
974,CAPE BRETON HIGHLANDS EDUCATION CENTRE/ACADEMY,PO BOX 311070 CABOT TRAIL MARGAREE HARBOUR NS,B0E 2B0,9022357500,PETER.GOOSENS@SRSB.CA,52,400042283
975,EAST ANTIGONISH EDUCATION CENTRE/ACADEMY,10128 RTE 4 MONASTERY NS,B0H 1W0,9022322810,RICHARD.BRITTEN@SRSB.CA,52,122300045
975,ECOLE BEAU-PORT,10128 ROUTE 410128 HIGHWAY 4 MONASTERY NS,B0H 1W0,902 232 2810,JIM.KEAY@SRSB.CA,52,122300045
977,ST. MARY'S BAY ACADEMY ,RR 14079 HWY 1 WEYMOUTH NS,B0W 3T0,9028372340,SMBA@TCRSB.CA,59,400039784
977,WEST HANTS MIDDLE SCHOOL,RR 14079 HIGHWAY 1 WEYMOUTH NS,B0W 3T0,902 837 2340,SMBA@TCRSB.CA,59,400039784
980,ECOLE SECONDAIRE DE PAR-EN-BAS ,CP 1784258 ROUTE 308 TUSKET N.-E.,B0W 3M0,9026485900,ESPB@CSAP.CA,57,223600046
980,CBVRSB ADULT HIGH SCHOOL,CP 1784258 HIGHWAY 308 TUSKET N.-E.,B0W 3M0,902 648 5900,ESPB@CSAP.CA,57,223600046
981,DRUMLIN HEIGHTS CONSOLIDATED SCHOOL,RR 15428 HWY 3 GLENWOOD NS,B0W 1W0,9026436000,DHCS@TCRSB.CA,59,400035777
981,THOMPSON MIDDLE SCHOOL,RR 15428 HIGHWAY 3 GLENWOOD NS,B0W 1W0,902 643 6000,DHCS@TCRSB.CA,59,400035777
982,ECOLE BEAU-PORT ,CP 15002359 ROUTE 206 ARICHAT N.-E.,B0E 2L0,9022265200,EBP@CSAP.CA,57,47400061
982,ECOLE JEAN-MARIE-GAY,CP 15002359 HIGHWAY 206 ARICHAT N.-E.,B0E 2L0,902 226 5200,EBP@CSAP.CA,57,47400061
986,CHEDABUCTO EDUCATION CENTRE/ GUYSBOROUGH ACADEMY,PO BOX 1927 GREEN ST GUYSBOROUGH NS,B0H 1N0,9025334006,BARBARA.AVERY@SRSB.CA,52,400010225
986,RIVERVIEW HIGH SCHOOL,PO BOX 1927 GREEN ST GUYSBOROUGH NS,B0H 1N0,902 533 4006,BARBARA.AVERY@SRSB.CA,52,400010225
988,NORTH NOVA EDUCATION CENTRE ,343 PARK ST NEW GLASGOW NS,B2H 6B2,9027558180,FINDLAYAL@CCRSB.CA,53,87500106
989,NORTHUMBERLAND REGIONAL HIGH SCHOOL,104 ALMA RD ALMA NS,B0K 2A0,9023962750,OTOOLEM@CCRSB.CA,53,88900057
992,SOUTH COLCHESTER ACADEMY ,207 HWY 289 BROOKFIELD NS,B0N 1C0,9026735000,BRUCEMG@CCRSB.CA,53,268500116
992,BRETON EDUCATION CENTRE,207 HWY 289207 HIGHWAY 289 BROOKFIELD NS,B0N 1C0,902 673 5000,JACKSONN@CCRSB.CA,53,268500116
993,AVON VIEW HIGH SCHOOL ,PO BOX 700225 PAYZANT DR WINDSOR NS,B0N 2T0,9027926740,AVHS@AVRSB.CA,55,184000005
993,NEW GERMANY RURAL HIGH SCHOOL,PO BOX 700225 PAYZANT DR WINDSOR NS,B0N 2T0,902 792 6740,AVHS@AVRSB.CA,55,184000005
994,WEST HANTS MIDDLE SCHOOL ,8009 HWY 14 NEWPORT NS,B0N 2A0,9027574100,WHMS@AVRSB.CA,55,400030325
994,CUSACK SCHOOL,8009 HWY 148009 HIGHWAY 14 NEWPORT NS,B0N 2A0,902 757 4100,WHMS@AVRSB.CA,55,400030325
995,BROOKLAND ELEMENTARY SCHOOL ,153 COTTAGE RD SYDNEY NS,B1P 2E5,9025620768,JLIVELY@GNSPES.CA,51,68200167
995,BRIDGETOWN REGIONAL ELEMENTARY SCHOOL,153 COTTAGE RD153 COTTAGE RD SYDNEY NS,B1P 2E5,902 562 0768,BROOKLAND@STAFF.EDNET.NS.CA,51,68200167
996,DONKIN SCHOOL ,81 CENTRE AVE DONKIN NS,B0A 1G0,9027372120,JACKSONBM@GNSPES.CA,51,68700022
996,BRIDGETOWN REGIONAL HIGH SCHOOL,81 CENTRE AVE81 CENTRE AVE DONKIN NS,B0A 1G0,902 737 2120,DONKIN@STAFF.EDNET.NS.CA,51,68700022
997,MOUNTAINVIEW ELEMENTARY SCHOOL ,PO BOX 629521 DELTA DR HOWIE CENTRE NS,B1L 1G9,9025628880,PAUL3@GNSPES.CA,51,70900131
997,WINDSOR FORKS DISTRICT SCHOOL,PO BOX 629521 DELTA DR HOWIE CENTRE NS,B1L 1G9,902 562 8880,MOUNTAINVIEW@STAFF.EDNET.NS.CA,51,70900131
998,HIGHBURY EDUCATION CENTRE ,26 HIGHBURY RD NEW MINAS NS,B4N 3P7,9026814930,HEC@AVRSB.CA,55,184800124
998,CAUDLE PARK ELEMENTARY SCHOOL,26 HIGHBURY RD26 HIGHBURY RD NEW MINAS NS,B4N 3P7,902 681 4930,HEC@AVRSB.CA,55,184800124
1101,CUSACK SCHOOL ,500 BIRCH HILL DR SYDNEY NS,B1P 3V9,9025640431,ORYCHOA1@GNSPES.CA,51,68200167
1101,ALDERSHOT ELEMENTARY SCHOOL,500 BIRCH HILL DR500 BIRCH HILL DR SYDNEY NS,B1P 3V9,902 564 0431,CUSACK@STAFF.EDNET.NS.CA,51,68200167
1103,KINGSWOOD ELEMENTARY SCHOOL ,34 VREGE CRT HAMMONDS PLAINS NS,B4B 1K2,9028325522,KWE@HRSB.NS.CA,54,306100158
1104,CUMBERLAND NORTH ACADEMY ,879 HWY 204 BROOKDALE NS,B4H 3Y1,9026612464,WELLSK@CCRSB.CA,53,16400010
1104,CUMBERLAND NORTH ACADEMY,879 HWY 204 RR 3879 HIGHWAY 204 BROOKDALE NS,B4H 3Y1,902 661 2464,WELLSK@CCRSB.CA,53,16400010
1105,SPRING STREET ACADEMY ,59 SPRING ST AMHERST NS,B4H 1S4,9026612499,JANESH@CCRSB.CA,53,16600445
1105,ST. ANNE'S ELEMENTARY SCHOOL,59 SPRING ST59 SPRING ST AMHERST NS,B4H 1S4,902 661 2499,BEEDS@CCRSB.CA,53,16600445
1106,INVERNESS EDUCATION CENTRE/ ACADEMY,PO BOX 58059 VETERANS MEMORIAL CRT INVERNESS NS,B0E 1N0,9022583700,CAROL.SMITH@SRSB.CA,52,23600023
1106,KINGSWOOD ELEMENTARY SCHOOL,PO BOX 58059 VETERANS MEMORIAL CRT INVERNESS NS,B0E 1N0,902 258 3700,RICHARD.BRITTEN@SRSB.CA,52,23600023
1108,LAWRENCETOWN EDUCATION CENTRE ,10 MIDDLE RD RR 1 LAWRENCETOWN NS,B0S 1M0,9025844524,LEC@AVRSB.CA,55,400004019
1109,CITADEL HIGH SCHOOL ,1855 TROLLOPE ST HALIFAX NS,B3H 0A4,9024914444,CHS@HRSB.NS.CA,54,319802464
1110,WEST HANTS EDUCATION CENTRE ,94 WENTWORTH RD WINDSOR NS,B0N 2T0,9027926750,WHEC@AVRSB.CA,55,184000005
1141,OYSTER POND ACADEMY ,10583 HWY 7 OYSTER POND NS,B0J 1W0,9028894300,OPA@HRSB.NS.CA,54,400030642
1141,ST. JOSEPH ELEMENTARY SCHOOL,10583 HWY 710583 HIGHWAY 7 OYSTER POND NS,B0J 1W0,902 889 4300,OPA@HRSB.NS.CA,54,400030642
1142,RANKIN SCHOOL OF THE NARROWS ,4144 HWY 223 IONA NS,B2C 1A4,9027252210,MACNEILT@GNSPES.CA,51,62900007
1142,ADVOCATE DISTRICT SCHOOL,4144 HWY 2234144 HIGHWAY 223 IONA NS,B2C 1A4,902 725 2210,RANKIN@STAFF.EDNET.NS.CA,51,62900007
1145,HARMONY HEIGHTS ELEMENTARY SCHOOL,25 CEDAR DR TRURO NS,B2N 5W3,9028965798,FITZGERALDD@CCRSB.CA,53,267900535
1146,TRURO ELEMENTARY SCHOOL ,125 CURTIS DR TRURO NS,B2N 0C5,9028965755,LYNDSJN@CCRSB.CA,53,267900535
1146,JOSEPH HOWE ELEMENTARY SCHOOL,125 CURTIS DR125 CURTIS DR TRURO NS,B2N 0C5,902 896 5755,LYNDSJN@CCRSB.CA,53,267900535
1148,WINDING RIVER CONSOLIDATED SCHOOL,PO BOX 249272 KITCHENER ST STEWIACKE NS,B0N 2J0,9026393199,COXBL@CCRSB.CA,53,400029119
1149,MUSQUODOBOIT RURAL HIGH SCHOOL ,11980 HWY 224 MIDDLE MUSQUODOBOIT NS,B0N 1X0,9023842320,MRHS@HRSB.NS.CA,54,400038148
1149,SHIPYARD ELEMENTARY SCHOOL,11980 HWY 22411980 HIGHWAY 224 MIDDLE MUSQUODOBOIT NS,B0N 1X0,902 384 2320,MRHS@HRSB.NS.CA,54,400038148
1150,GREENFIELD ELEMENTARY SCHOOL,5060 HWY 210 GREENFIELD NS,B0T 1E0,9026855400,GES@SSRSB.CA,58,169300054
1150,DONKIN-GOWRIE COMPLEX,5060 HWY 2105060 HIGHWAY 210 GREENFIELD NS,B0T 1E0,902 685 5400,GES@SSRSB.CA,58,169300054
1151,OXFORD REGIONAL EDUCATION CENTRE,PO BOX 340249 LOWER MAIN ST OXFORD NS,B0M 1P0,9024474513,STARRATTD@CCRSB.CA,53,9700077
1152,ECOLE SECONDAIRE DU SOMMET ,500 BOUL LARRY UTECK HALIFAX N.-E.,B3M 0E6,9028324302,ESS@CSAP.CA,57,319805294
1153,FERRISVIEW ELEMENTARY SCHOOL ,83 ARCHIBALD AVE NORTH SYDNEY NS,B2A 2W9,9027947137,BOUTJ@GNSPES.CA,51,67200424
1153,CAPE SMOKEY ELEMENTARY SCHOOL,83 ARCHIBALD AVE83 ARCHIBALD AVE NORTH SYDNEY NS,B2A 2W9,902 794 7137,FERRISVIEW@STAFF.EDNET.NS.CA,51,67200424
1154,OCEANVIEW EDUCATION CENTRE ,60 WALLACES RD GLACE BAY NS,B1A 4N5,9028424488,GONEILL@GNSPES.CA,51,68500117
1155,CENTRE SCOLAIRE DE LA RIVE-SUD ,20 CH PETITE EVANGELINE COOKVILLE N.-E.,B4V 8Z9,9025275110,ERS@CSAP.CA,57,400018425
1156,BLUENOSE ACADEMY ,PO BOX 121018 TANNERY RD LUNENBURG NS,B0J 2C0,9026342200,BA@SSRSB.CA,58,242100242
1156,MOUNTAINVIEW-EAST BAY COMPLEX,PO BOX 121018 TANNERY RD LUNENBURG NS,B0J 2C0,902 634 2200,BA@SSRSB.CA,58,242100242
1157,WAVERLEY MEMORIAL ELEMENTARY SCHOOL,2393 ROCKY LAKE DR WAVERLEY NS,B2R 1S4,9028604150,WMLCS@HRSB.NS.CA,54,306900041
1158,KINGS COUNTY ACADEMY ,35 GARY PEARL DR KENTVILLE NS,B4N 0H4,9026903850,KCA@AVRSB.CA,55,181800059
1159,PORTERS LAKE ELEMENTARY SCHOOL ,40 INSPIRATION DR PORTERS LAKE NS,B3E 0A6,9028272525,PLES@HRSB.NS.CA,54,400056979
1159,BROOKSIDE JUNIOR HIGH SCHOOL,40 INSPIRATION DR40 INSPIRATION DR PORTERS LAKE NS,B3E 0A6,902 827 2525,PLES@HRSB.NS.CA,54,400056979
1160,ST. MARY'S EDUCATION CENTRE/ ACADEMY,PO BOX 292121 OLD RD HILL SHERBROOKE NS,B0J 3C0,9025222035,JACK.MACDONALD@SRSB.CA,52,101800003
1160,SOUTH CENTENNIAL SCHOOL,PO BOX 292121 OLD ROAD HILL SHERBROOKE NS,B0J 3C0,902 522 2035,JACK.MACDONALD@SRSB.CA,52,101800003
1169,CBVRSB ADULT HIGH SCHOOL ,290 WHITNEY AVE SYDNEY NS,B1P 5A6,9025625178,HPATTERS@GNSPES.CA,51,68200167
1169,BAYVIEW EDUCATION CENTRE,290 WHITNEY AVE290 WHITNEY AVE SYDNEY NS,B1P 5A6,902 562 5178,SYD_ADULT_HI@STAFF.EDNET.NS.CA,51,68200167
1171,SSRSB ADULT HIGH SCHOOL ,PO BOX 1974137 OLD BRIDGE RD LIVERPOOL NS,B0T 1K0,9023547630,SSILC@SSRSB.CA,58,171800132
1171,HARBOUR VIEW ELEMENTARY SCHOOL,PO BOX 1974137 OLD BRIDGE ST LIVERPOOL NS,B0T 1K0,902 354 7630,SSILC@SSRSB.CA,58,171800132
1172,SSRSB ALTERNATE PROGRAMS ,45 SCHOOL ST MAHONE BAY NS,B0J 2E0,9026242101,SSILC@SSRSB.CA,58,236700084
1172,ST. AGNES JUNIOR HIGH SCHOOL,45 SCHOOL ST45 SCHOOL ST MAHONE BAY NS,B0J 2E0,902 624 2101,SSILC@SSRSB.CA,58,236700084
1173,ECOLE DES BEAUX-MARAIS ,5261 AUT 7 PORTERS LAKE N.-E.,B3E 1J7,9028274621,EBM@CSAP.CA,57,318200062
1173,PUGWASH DISTRICT HIGH SCHOOL,5261 AUT 75261 HIGHWAY 7 PORTERS LAKE N.-E.,B3E 1J7,902 827 4621,EBM@CSAP.CA,57,318200062
1178,YARMOUTH CONSOLIDATED MEMORIAL HIGH SCHOOL,146 FOREST ST YARMOUTH NS,B5A 0B3,9027492810,YCMHS@TCRSB.CA,59,400005552
1178,BIBLE HILL CENTRAL ELEMENTARY SCHOOL,146 FOREST ST146 FOREST ST YARMOUTH NS,B5A 0B3,902 749 2810,YCMHS@TCRSB.CA,59,400005552
1183,CHARLES P. ALLEN HIGH SCHOOL ,200 INNOVATION DR BEDFORD NS,B4B 0G4,9028328964,CPAH@HRSB.NS.CA,54,400041681
1183,MARION BRIDGE SCHOOL,200 INNOVATION DR200 INNOVATION DR BEDFORD NS,B4B 0G4,902 832 8964,CPAH@HRSB.NS.CA,54,400041681
1185,SOUTH QUEENS MIDDLE SCHOOL ,PO BOX 1288157 OLD BRIDGE ST LIVERPOOL NS,B0T 1K0,9023547640,SQMS@SSRSB.CA,58,171800132
1185,ECOLE BOIS-JOLI,PO BOX 1288157 OLD BRIDGE ST LIVERPOOL NS,B0T 1K0,902 354 7640,SQJHS@SSRSB.CA,58,171800132
1186,TANTALLON JUNIOR ELEMENTARY SCHOOL,1 FRENCH VILLAGE STN RD UPPER TANTALLON NS,B3Z 1E4,9028261204,TANTALLONJR@HRSB.CA,54,400019923
1187,ROCKY LAKE JUNIOR HIGH SCHOOL ,670 ROCKY LAKE DR BEDFORD NS,B4A 2T6,9028328952,RLJH@HRSB.NS.CA,54,400041681
1188,ECOLE DU GRAND-PORTAGE ,100 STOKIL DR LOWER SACKVILLE N.-E.,B4C 2G5,9028646242,EGP@CSAP.CA,57,306400310
1188,SAMBRO ELEMENTARY SCHOOL,100 STOKIL DR100 STOKIL DR LOWER SACKVILLE N.-E.,B4C 2G5,902 864 6242,EGPS@CSAP.CA,57,306400310
1189,NEW GLASGOW ACADEMY ,93 ALBERT ST NEW GLASGOW NS,B2H 5W8,9027558400,MCNEILAP@CCRSB.CA,53,87500106
1190,WEST HIGHLANDS ELEMENTARY SCHOOL,18 MALTBY CT AMHERST NS,B4H 2L6,9026612420,MAPPLEBECKK@CCRSB.CA,53,16600445
1192,BRIDGETOWN COMMUNITY SCHOOL ,25 CROMWELL CRT BRIDGETOWN NS,B0S 1C0,9026655400,BRCS@AVRSB.CA,55,198500084
1193,DARTMOUTH SOUTH ACADEMY ,111 PRINCE ARTHUR AVE DARTMOUTH NS,B2Y 3T3,9024642081,DSA@HRSB.CA,54,319301535
1194,BIBLE HILL CONSOLIDATED ELEMENTARY SCHOOL,103 PICTOU RD TRURO NS,B2N 2S2,9028965511,FOUGEREKJ@CCRSB.CA,53,267900535
